 ,ORDER,FAMILY,GENUS,SPECIES,COUNTRY,STATE,COUNTY,LOCALITY1,LOCALITY2,LEGAL_TRS,LAT,LONG,LATDEG,LATMIN,LATSEC,LATHEM,LONGDEG,LONGMIN,LONGSEC,LONGHEM,HABITAT,DAYCOLLFRM,MONCOLLFRM,YRCOLLFROM,ELEV_FT,SEX,REPROD,AGE,COLLECTOR,PREPARER,PARTS,POSSIBLE HYBRID,SPECCOL,Alveolar length,Diastema length,M1 length,M2 Length,M3 Length,M1 Width,M1M2 Length,Total length (TL),Tail vertebra (TV),Hindfoot (HF),Ear (EA),Weight
FW00019,RODENTIA,MURIDAE,NEOTOMA,Fuscipes,U.S.A.,OREGON,KLAMATH CO,"8 MI. NW KLAMATH FALLS, GEARY RANCH",,,,,42,14,,N,121,53,,W,,16,MAR,1961,,Female,N,Ad,"E. HANSEN, -",N,SKIN AND SKULL,,N,8.98,6.45,3.45,2.58,2.27,2.08,6.35,405.00,204.00,39.00,29.00,192.00
FW00180,RODENTIA,MURIDAE,NEOTOMA,Fuscipes,U.S.A.,OREGON,BENTON CO,"MCDONALD FOREST, JUNCTION OF SCHNEDER & NETTLETON RDS.",,,,,0,0,,N,0,0,,W,,24,SEP,1967,,Male,N,Ad,"B. J. VERTS, BJV-3-ORE",N,SKIN AND SKULL,,N,9.01,7.76,3.45,2.66,2.37,2.00,6.35,444.00,222.00,41.00,34.00,234.50
FW00289,RODENTIA,MURIDAE,NEOTOMA,Fuscipes,U.S.A.,OREGON,BENTON CO,"7 MI. N CORVALLIS, E.E. WILSON GAME MGMT. AREA",,,,,44,41,,N,123,13,,W,,29,OCT,1968,,Male,N,Ad,"D. TRETHEWEY, -",N,SKIN AND SKULL,,N,9.02,7.36,3.32,2.48,2.33,1.88,6.19,407.00,184.00,39.00,32.00,245.70
FW00321,RODENTIA,MURIDAE,NEOTOMA,Cinerea,U.S.A.,OREGON,WALLOWA CO,"MI. POST # 1, MINAM RIVER",,,,,45,34,,N,117,44,,W,,,APR,1968,,Female,N,,"V.L. COGGINS, -",N,SKULL ONLY,,N,9.06,8.16,3.96,2.56,2.05,2.01,6.63,350.00,140.00,35.00,26.00,246.40
FW00577,RODENTIA,MURIDAE,NEOTOMA,Lepida,U.S.A.,OREGON,MALHEUR CO,3 MI. S ROME,,,,,42,47,,N,117,37,,W,,22,APR,1970,,Female,N,Ad ,"B.J. VERTS, -",N,SKIN AND SKULL,,N,7.66,5.52,3.31,2.46,1.72,1.78,5.94,286.00,118.00,29.00,28.00,122.00
FW00837,RODENTIA,MURIDAE,NEOTOMA,Fuscipes,U.S.A.,OREGON,BENTON CO,2 MI. N CORVALLIS,,,,,44,35,,N,123,15,,W,,25,JUL,1970,,Male,N,vJuv,"S. LUDWIG, -",N,SKIN AND SKULL,,N,8.42,5.67,3.21,2.71,2.00,1.57,6.13,264.00,125.00,29.00,25.00,45.40
FW01486,RODENTIA,MURIDAE,NEOTOMA,Fuscipes,U.S.A.,OREGON,BENTON CO,"3 MI. N OF CORVALLIS, VILLAGE GREEN AREA",,,,,44,36,,N,123,16,,W,,8,OCT,1970,,Male,N,Juv,"T.N. WILLIAMS, 1",N,SKIN AND SKULL,,N,9.48,5.91,3.43,2.49,2.13,1.86,6.24,350.00,170.00,31.00,29.00,151.00
FW01487,RODENTIA,MURIDAE,NEOTOMA,Fuscipes,U.S.A.,OREGON,BENTON CO,0.5 MI. N CORVALLIS,,,,,44,34,,N,123,16,,W,,7,OCT,1970,,Female,N,Ad,"S. LUDWIG, SAL 1",N,SKIN AND SKULL,,N,9.22,7.90,3.69,3.27,2.53,2.05,6.84,444.00,238.00,40.00,30.00,272.90
FW01488,RODENTIA,MURIDAE,NEOTOMA,Fuscipes,U.S.A.,OREGON,BENTON CO,"0.25 MI. N WITHAM HILL ROAD, CORVALLIS",,,,,44,34,,N,123,16,,W,,16,OCT,1970,,Female,N,Ad,"A.M. ANDERSON, 5",N,SKIN AND SKULL,,N,9.12,7.01,3.32,2.48,2.28,1.81,6.14,384.00,190.00,39.00,29.00,174.90
FW01501,RODENTIA,MURIDAE,NEOTOMA,Fuscipes,U.S.A.,OREGON,BENTON CO,2 MI. N CORVALLIS,,,,,44,35,,N,123,15,,W,,1,OCT,1970,,Female,N,Ad,"D.F. CARR, 3",N,SKIN AND SKULL,,N,9.00,7.66,3.15,2.59,2.56,1.76,5.96,441.00,221.00,42.00,37.00,227.00
FW01502,RODENTIA,MURIDAE,NEOTOMA,Fuscipes,U.S.A.,OREGON,BENTON CO,2 MI. N CORVALLIS,,,,,44,35,,N,123,15,,W,,1,OCT,1970,,Female,N,Ad,"D.F. CARR, 2",N,SKIN AND SKULL,,N,9.32,6.27,3.41,2.54,2.27,1.80,6.15,412.00,208.00,41.00,34.00,188.40
FW01505,RODENTIA,MURIDAE,NEOTOMA,Fuscipes,U.S.A.,OREGON,BENTON CO,"1 MI. N, 0.5 MI. W CORVALLIS",,,,,44,35,,N,123,16,,W,,12,NOV,1970,,Male,N,Ad,"D. FRASER, 2",N,SKIN AND SKULL,,N,8.46,7.69,3.49,2.52,2.15,1.94,6.13,398.00,190.00,32.00,19.00,80.00
FW01566,RODENTIA,MURIDAE,NEOTOMA,Fuscipes,U.S.A.,OREGON,LINN CO,"2 MI. N, 1 MI. E SCIO",,,,,44,43,,N,122,50,,W,,2,NOV,1971,500,Female,N,Ad,"T. BOON, TB 4",N,SKIN AND SKULL,,N,8.60,6.41,3.42,2.51,2.13,1.83,6.30,367.00,178.00,30.00,11.00,159.00
FW01587,RODENTIA,MURIDAE,NEOTOMA,Fuscipes,U.S.A.,OREGON,CLACKAMAS CO,"8 MI. S, 1 MI. W MOLALLA",,,,,45,2,,N,122,35,,W,,28,NOV,1971,1000,Female,N,Ad,"T. SOWA, TAS 3",N,SKIN AND SKULL,,N,8.81,6.73,3.39,2.40,2.07,1.78,6.09,380.00,191.00,42.00,39.00,208.00
FW01603,RODENTIA,MURIDAE,NEOTOMA,Fuscipes,U.S.A.,OREGON,BENTON CO,2 MI. W CORVALLIS,,,,,44,34,,N,123,17,,W,,7,OCT,1971,220,Male,N,Ad,"R. LAYTON, RJL 4",N,SKIN AND SKULL,,N,8.87,6.37,3.41,2.48,2.09,1.83,6.12,360.00,176.00,40.00,29.00,152.80
FW01631,RODENTIA,MURIDAE,NEOTOMA,Lepida,U.S.A.,OREGON,HARNEY CO,"16 MI. N, 3 MI. E FRENCHGLEN","(1.25 MI. N, 0.75 MI. W BUENA VISTA)",,,,43,2,,N,118,51,,W,,17,APR,1972,4500,Male,TESTIS 18 X 10MM,Ad,"B.J VERTS, 72-27",N,SKIN AND SKULL,,N,8.05,5.94,3.04,2.45,1.98,1.85,5.67,291.00,119.00,31.00,31.00,131.00
FW01632,RODENTIA,MURIDAE,NEOTOMA,Lepida,U.S.A.,OREGON,HARNEY CO,"16 MI. N, 3 MI. E FRENCHGLEN","(1.25 MI. N, 0.75 MI. W BUENA VISTA STATION)",,,,43,2,,N,118,51,,W,,17,APR,1972,4500,Female,NULLIPAROUS,Juv,"B.J. VERTS, 72-26",N,SKIN AND SKULL,,N,7.36,5.25,2.95,2.35,1.59,1.50,5.38,203.00,83.00,28.00,26.00,62.00
FW01739,RODENTIA,MURIDAE,NEOTOMA,Cinerea,U.S.A.,OREGON,DESCHUTES CO,"1 MI. S, 2 MI. SW TERREBONNE",,,,,0,0,,N,0,0,,W,,30,SEP,1982,,Male,TESTIS 3 X 5 MM,Juv,L.N. CARRAWAY AND B.J. VERTS,B.J. VERTS,SKIN AND SKULL,,N,9.39,7.48,3.60,2.38,2.09,1.85,6.37,331.00,139.00,41.00,33.00,193.20
FW02136,RODENTIA,MURIDAE,NEOTOMA,Lepida,U.S.A.,OREGON,HARNEY CO,"4 MI. S, 12 MI. W RILEY",,,,,43,29,,N,119,43,,W,,6,OCT,1972,4500,Female,PLACENTAL SCARS 2R AND 4L,Ad,"R. GARNER, RCG-72-2",N,SKIN AND SKULL,,N,7.59,5.38,3.01,2.13,1.72,1.60,5.48,262.00,112.00,31.00,30.00,110.23
FW02163,RODENTIA,MURIDAE,NEOTOMA,Lepida,U.S.A.,OREGON,HARNEY CO,"2 MI. S, 11 MI. W RILEY",,,,,43,31,,N,119,43,,W,,6,OCT,1972,5200,Male,TESTIS 6 X 8MM,Ad,"D.C. WOLVERTON, 72-2",N,SKIN AND SKULL,,N,7.69,6.21,2.95,2.36,1.82,1.73,5.52,281.00,118.00,32.00,32.00,
FW02246,RODENTIA,MURIDAE,NEOTOMA,Cinerea,U.S.A.,OREGON,DESCHUTES CO,"3 MI. N, 1 MI. W REDMOND",,,,,44,19,,N,121,16,,W,,5,NOV,1972,3200,Male,TESTIS 6 X 3 MM,Ad ,"T. HALL, TD-72-6",N,SKIN AND SKULL,,N,8.56,7.49,3.34,2.19,1.72,1.83,5.99,307.00,124.00,34.00,28.00,209.50
FW02266,RODENTIA,MURIDAE,NEOTOMA,Fuscipes,U.S.A.,OREGON,BENTON CO,"1 MI. S, 1 MI. W MONROE",,,,,44,17,,N,123,19,,W,,24,NOV,1972,320,Male,TESTIS 6 X 10MM,Ad,"D.C. WOLVERTON, DCW-724",N,SKIN AND SKULL,,N,9.40,7.39,3.44,2.58,2.36,1.97,6.31,420.00,210.00,44.00,35.00,312.00
FW02267,RODENTIA,MURIDAE,NEOTOMA,Cinerea,U.S.A.,OREGON,CROOK CO,"1 MI. N, 5 MI. E OF PRINEVILLE",,,,,44,19,,N,120,44,,W,,4,NOV,1972,3000,Female,TESTIS 8 X 5MM,Juv,"R. DEWANTE, RD-72-5",N,SKIN AND SKULL,,N,9.24,8.14,3.49,3.05,2.11,1.94,6.73,381.00,160.00,46.00,34.00,346.10
FW02352,RODENTIA,MURIDAE,NEOTOMA,Cinerea,U.S.A.,OREGON,LANE CO,MERCER,,,,,43,58,,N,124,6,,W,,16,NOV,1913,,Male,N,,"H. TELFORD, 36",N,SKIN AND SKULL,,N,9.38,8.00,3.76,2.67,2.03,1.87,6.59,394.00,188.00,45.00,,
FW02353,RODENTIA,MURIDAE,NEOTOMA,Cinerea,U.S.A.,OREGON,DESCHUTES CO,HEAD OF DAVIS CREEK,,,,,43,40,,N,121,48,,W,,9,APR,1914,,Female,N,,"O.J. MURIE, 258",N,SKIN AND SKULL,,N,8.61,7.79,3.59,2.60,2.02,1.92,6.41,351.00,154.00,42.00,,
FW02356,RODENTIA,MURIDAE,NEOTOMA,Cinerea,U.S.A.,OREGON,SHERMAN CO,"MILLER, MOUTH OF DESCHUTES RIVER, EAST SIDE",,,,,45,38,,N,120,53,,W,,29,JUL,1914,,Male,N,,"A. WALKER, 155",N,SKIN AND SKULL,,N,9.88,7.45,3.83,2.66,2.21,1.94,6.89,370.00,168.00,41.00,,
FW02358,RODENTIA,MURIDAE,NEOTOMA,Cinerea,U.S.A.,OREGON,DESCHUTES CO,HEAD OF DAVIS CREEK,,,,,43,40,,N,121,48,,W,,4,APR,1914,,Male,N,,"O.J. MURIE, 242",N,SKIN AND SKULL,,N,9.14,8.24,3.51,2.49,2.18,1.98,6.29,362.00,162.00,43.00,,
FW02359,RODENTIA,MURIDAE,NEOTOMA,Cinerea,U.S.A.,OREGON,SHERMAN CO,"MILLER, MOUTH OF DESCHUTES RIVER, EAST SIDE, EAST",,,,,45,38,,N,120,53,,W,,27,JUL,1914,,Male,N,,"A. WALKER, 148",N,SKIN AND SKULL,,N,9.71,8.02,3.79,2.58,2.17,1.93,6.56,340.00,152.00,40.00,,
FW02360,RODENTIA,MURIDAE,NEOTOMA,Cinerea,U.S.A.,OREGON,SHERMAN CO,"MILLER, MOUTH OF DESCHUTES RIVER, EAST SIDE",,,,,45,38,,N,120,53,,W,,3,AUG,1914,,Male,N,,"A. WALKER, 174",N,SKIN AND SKULL,,N,9.87,8.06,3.67,2.56,2.19,1.91,6.46,,,,,
FW02362,RODENTIA,MURIDAE,NEOTOMA,Cinerea,U.S.A.,OREGON,DESCHUTES CO,HEAD OF DAVIS CREEK,,,,,43,40,,N,121,48,,W,,4,APR,1914,,Male,N,,"O.J. MURIE, 243",N,SKIN AND SKULL,,N,10.03,8.48,4.15,2.62,2.39,2.07,7.09,402.00,180.00,47.00,,
FW02363,RODENTIA,MURIDAE,NEOTOMA,Cinerea,U.S.A.,OREGON,DESCHUTES CO,HEAD OF DAVIS CREEK,,,,,43,40,,N,121,48,,W,,5,APR,1914,,Female,N,,"O.J. MURIE, 245",N,SKIN AND SKULL,,N,9.48,8.41,3.72,2.46,2.09,1.99,6.42,358.00,158.00,44.00,,
FW02364,RODENTIA,MURIDAE,NEOTOMA,Cinerea,U.S.A.,OREGON,JEFFERSON CO,12 MI. SE HAY CREEK,,,,,44,29,,N,120,56,,W,,21,MAY,1915,,Female,N,,"A. WALKER, 271",N,SKIN AND SKULL,,N,9.14,7.32,3.85,2.58,2.28,1.99,6.73,358.00,160.00,39.00,,
FW02365,RODENTIA,MURIDAE,NEOTOMA,Cinerea,U.S.A.,OREGON,DESCHUTES CO,HEAD OF DAVIS CREEK,,,,,43,40,,N,121,48,,W,,5,APR,1914,,Male,N,,"O.J. MURIE, 244",N,SKIN AND SKULL,,N,9.48,7.65,3.62,2.59,2.35,2.00,6.45,367.00,165.00,42.00,,
FW02366,RODENTIA,MURIDAE,NEOTOMA,Cinerea,U.S.A.,OREGON,KLAMATH CO,FORT KLAMATH,,,,,42,42,,N,121,58,,W,,28,FEB,1914,,Male,N,,"H. TELFORD, 136",N,SKIN AND SKULL,,N,9.64,8.41,3.61,2.71,2.29,1.83,6.48,387.00,165.00,42.00,,
FW02367,RODENTIA,MURIDAE,NEOTOMA,Cinerea,U.S.A.,OREGON,DESCHUTES CO,SISTERS,,,,,44,18,,N,121,33,,W,,24,JUL,1914,,Female,N,,"S.G. JEWETT, 518",N,SKIN AND SKULL,,N,8.91,8.17,3.79,2.60,2.37,1.87,6.67,370.00,163.00,43.00,,
FW02369,RODENTIA,MURIDAE,NEOTOMA,Cinerea,U.S.A.,OREGON,SHERMAN CO,"MILLER, MOUTH OF DESCHUTES RIVER, EAST SIDE",,,,,45,38,,N,120,53,,W,,28,JUL,1914,,Male,N,,"A. WALKER, AW-152",N,SKIN AND SKULL,,N,8.95,6.58,3.62,2.33,1.66,1.94,6.26,320.00,137.00,42.00,,
FW02370,RODENTIA,MURIDAE,NEOTOMA,Cinerea,U.S.A.,OREGON,HARNEY CO,"CATLOW VALLEY, HOME CREEK RANCH",,,,,42,41,,N,119,12,,W,,,SEP,1913,,,N,,"S.G. JEWETT, SGJ-326",N,SKIN AND SKULL,,N,9.33,7.44,3.45,2.39,2.07,1.82,6.18,356.00,165.00,46.00,,
FW02374,RODENTIA,MURIDAE,NEOTOMA,Fuscipes,U.S.A.,OREGON,JACKSON CO,GOLD HILL,,,,,42,26,,N,123,3,,W,,22,MAR,1916,,Female,N,,"S.G. JEWETT, 687",N,SKIN AND SKULL,,N,8.42,7.63,3.49,2.29,2.18,1.88,6.08,387.00,202.00,41.00,,
FW02375,RODENTIA,MURIDAE,NEOTOMA,Fuscipes,U.S.A.,OREGON,JACKSON CO,GOLD HILL,,,,,42,26,,N,123,3,,W,,22,MAR,1916,,Female,N,,"S.G. JEWETT, 689",N,SKIN AND SKULL,,N,8.91,7.67,3.54,2.51,2.39,1.95,6.29,445.00,222.00,42.00,,
FW02376,RODENTIA,MURIDAE,NEOTOMA,Fuscipes,U.S.A.,OREGON,DOUGLAS CO,"7 MI. NE ROSEBURG, SHORT'S RANCH",,,,,43,18,,N,123,16,,W,,3,JAN,1914,,Male,N,,"H. TELFORD, 54",N,SKIN AND SKULL,,N,8.49,8.29,3.56,2.53,2.37,1.97,6.33,457.00,222.00,41.00,,
FW02377,RODENTIA,MURIDAE,NEOTOMA,Fuscipes,U.S.A.,OREGON,BENTON CO,CORVALLIS,,,,,44,34,,N,123,16,,W,,,,1913,,,N,,"S.G. JEWETT, 555",N,SKIN AND SKULL,,N,9.28,6.76,3.62,2.94,2.09,1.92,6.65,413.00,199.00,41.00,,
FW02378,RODENTIA,MURIDAE,NEOTOMA,Fuscipes,U.S.A.,OREGON,DOUGLAS CO,"7 MI. NE ROSEBURG, SHORT'S RANCH",,,,,43,18,,N,123,16,,W,,3,JAN,1914,,Male,N,,"H. TELFORD, 53",N,SKIN AND SKULL,,N,8.84,7.05,3.48,2.63,2.09,1.93,6.36,435.00,227.00,43.00,,
FW02379,RODENTIA,MURIDAE,NEOTOMA,Cinerea,U.S.A.,OREGON,JEFFERSON CO,HAY CREEK,,,,,44,37,,N,120,56,,W,,19,MAY,1915,,Male,N,Juv,"A. WALKER, 265",N,SKIN AND SKULL,,N,8.98,6.89,3.47,2.86,2.34,1.78,6.43,285.00,121.00,40.00,,
FW02380,RODENTIA,MURIDAE,NEOTOMA,Fuscipes,U.S.A.,OREGON,DOUGLAS CO,"7 MI. NE ROSEBURG, SHORT'S RANCH",,,,,43,18,,N,123,16,,W,,3,JAN,1914,,Male,N,,"S.G. JEWETT, SGJ-372",N,SKIN AND SKULL,,N,9.17,7.53,3.59,2.65,2.25,2.04,6.46,433.00,215.00,43.00,,
FW02381,RODENTIA,MURIDAE,NEOTOMA,Fuscipes,U.S.A.,OREGON,JACKSON CO,"12 MI. S, 0.5 MI. E ASHLAND",,,,,42,1,,N,122,42,,W,,10,OCT,1970,,Female,N,,"M. HENDRIE, 2",N,SKIN AND SKULL,,N,8.83,6.47,3.49,2.61,2.04,1.82,6.29,374.00,200.00,41.00,29.00,
FW02382,RODENTIA,MURIDAE,NEOTOMA,Fuscipes,U.S.A.,OREGON,BENTON CO,1 MI. N CORVALLIS,,,,,44,34,,N,123,16,,W,,20,NOV,1970,,Male,N,,"R. ARBEITER, 4",N,SKIN AND SKULL,,N,9.01,7.14,3.53,2.62,2.16,1.85,6.32,430.00,222.00,39.00,32.00,247.20
FW02395,RODENTIA,MURIDAE,NEOTOMA,Fuscipes,U.S.A.,OREGON,BENTON CO,"0.25 MI. W WITHAM HILL ROAD, CORVALLIS",,,,,44,34,,N,123,16,,W,,28,NOV,1970,,Female,N,Ad,"M. DE BOLT, 8",N,SKIN AND SKULL,,N,8.50,7.02,3.47,2.66,2.32,1.92,6.26,388.00,185.00,35.00,27.00,
FW02396,RODENTIA,MURIDAE,NEOTOMA,Fuscipes,U.S.A.,OREGON,BENTON CO,1 MI. N CORVALLIS,,,,,44,34,,N,123,16,,W,,14,OCT,1970,,Female,N,Ad,"J.C. WARD, 12",N,SKIN AND SKULL,,N,9.46,6.56,3.52,2.75,2.46,1.85,6.40,415.00,218.00,40.00,31.00,336.00
FW02397,RODENTIA,MURIDAE,NEOTOMA,Fuscipes,U.S.A.,OREGON,BENTON CO,"0.25 MI. W WITHAM HILL ROAD, CORVALLIS",,,,,44,34,,N,123,16,,W,,27,NOV,1970,,Female,N,Ad,"M. DE BOLT, 7",N,SKIN AND SKULL,,N,9.48,7.06,3.63,2.61,2.31,1.92,6.39,405.00,205.00,44.00,30.00,
FW02398,RODENTIA,MURIDAE,NEOTOMA,Fuscipes,U.S.A.,OREGON,BENTON CO,"5 MI. N CORVALLIS, 400 YARDS E OF HIGHWAY 99W",,,,,44,38,,N,123,14,,W,,10,OCT,1970,200,Female,N,Ad,"R. JAMESON, RJJ-1",N,SKIN AND SKULL,,N,9.00,7.45,3.45,2.56,2.35,1.99,6.29,402.00,212.00,33.00,32.00,183.50
FW02400,RODENTIA,MURIDAE,NEOTOMA,Fuscipes,U.S.A.,OREGON,MARION CO,"5 MI. N, 2.5 MI. E STAYTON",,,,,44,52,,N,122,45,,W,,29,NOV,1970,,Male,N,Ad,"R. BEITEL, RJB-3",N,SKIN AND SKULL,,N,9.18,7.73,3.65,2.56,2.43,1.97,6.49,425.00,195.00,42.00,33.00,170.40
FW02404,RODENTIA,MURIDAE,NEOTOMA,Cinerea,U.S.A.,OREGON,SHERMAN CO,"MILLER, MOUTH OF DESCHUTES RIVER, EAST SIDE",,,,,45,38,,N,120,53,,W,,1,AUG,1914,,,N,,"A. WALKER, AW-168",N,SKIN ONLY,,N,,,,,,,,,,,,
FW02410,RODENTIA,MURIDAE,NEOTOMA,Cinerea,U.S.A.,OREGON,JEFFERSON CO,HAY CREEK,,,,,44,37,,N,120,56,,W,,19,MAY,1915,,,N,,"A. WALKER, 268",N,SKIN ONLY,,N,,,,,,,,,,,,
FW02417,RODENTIA,MURIDAE,NEOTOMA,Cinerea,U.S.A.,OREGON,DESCHUTES CO,"16 MI. E NORTH BEND, EAST FORK MILLICOMA",,,,,44,4,,N,120,59,,W,,24,MAY,1969,,Female,"PREGNANT, 3 FETUSES SIZE OF WALNUT",Ad ,"L. KUHN, -",N,SKIN AND SKULL,,N,9.59,8.20,3.85,2.65,2.24,2.08,6.81,370.00,170.00,42.00,,
FW02477,RODENTIA,MURIDAE,NEOTOMA,Fuscipes,U.S.A.,OREGON,BENTON CO,"8 MI. S, 8 MI. W CORVALLIS",,,,,44,27,,N,123,26,,W,,29,NOV,1971,1000,Male,N,Ad,"F. O HARE, 8",N,SKIN AND SKULL,,N,9.12,7.37,3.41,2.64,2.42,1.92,6.22,406.00,203.00,41.00,33.00,283.00
FW02479,RODENTIA,MURIDAE,NEOTOMA,Fuscipes,U.S.A.,OREGON,BENTON CO,"1 MI. S, 3 MI. W GREENBERRY",,,,,44,26,,N,123,13,,W,,9,OCT,1971,1100,Male,N,Ad,"R. GEBHARDT, RG-1",N,SKIN AND SKULL,,N,8.91,6.75,3.21,2.59,2.11,1.74,6.02,359.00,152.00,41.10,31.80,205.00
FW02480,RODENTIA,MURIDAE,NEOTOMA,Fuscipes,U.S.A.,OREGON,KLAMATH CO,"17 MI. N, 15 MI. W KLAMATH FALLS",,,,,42,29,,N,122,5,,W,,29,SEP,1971,,Male,N,Ad ,"J.P. HOPPE, JPH-3",N,SKIN AND SKULL,,N,9.09,7.92,3.47,2.66,2.37,2.01,6.13,470.00,226.00,42.00,29.00,308.00
FW02486,RODENTIA,MURIDAE,NEOTOMA,Fuscipes,U.S.A.,OREGON,CLACKAMAS CO,"0.25 MI. S, 0.5 MI. E SUNNYSIDE",,,,,45,26,,N,122,32,,W,,17,NOV,1971,159,Female,N,Ad,"R.L. BARNETT, RLB-2",N,SKIN AND SKULL,,N,9.25,7.60,3.81,2.80,2.29,2.10,6.76,475.00,220.00,40.00,35.00,302.00
FW02488,RODENTIA,MURIDAE,NEOTOMA,Cinerea,U.S.A.,OREGON,HARNEY CO,"9 MI. S, 2 MI. E BURNS",,,,,43,21,,N,119,1,,W,,27,NOV,1971,4500,Male,TESTIS 4 X 2 MM,Ad,"D. HINO, DWH-4",N,SKIN AND SKULL,,N,9.88,7.70,3.71,2.64,2.36,1.87,6.64,383.00,175.00,41.00,34.00,289.30
FW02492,RODENTIA,MURIDAE,NEOTOMA,Fuscipes,U.S.A.,OREGON,BENTON CO,0.5 MI. S CORVALLIS,,,,,44,34,,N,123,16,,W,,13,OCT,1971,237,Female,NULLIPAROUS,Ad,"C. BURNS, CAB-3",N,SKIN AND SKULL,,N,8.95,6.96,3.30,2.61,2.24,1.84,6.11,355.00,139.00,31.00,30.00,195.00
FW02509,RODENTIA,MURIDAE,NEOTOMA,Fuscipes,U.S.A.,OREGON,JACKSON CO,"12 MI. S, 0.5 MI. E ASHLAND ON INTERSTATE 5 HIGHWAY",,,,,42,2,,N,122,43,,W,,10,OCT,1970,,Female,N,Ad,"G.W. HADDEN, GWH-2",N,SKIN AND SKULL,,N,8.90,7.21,3.45,2.53,2.31,1.84,6.17,395.00,185.00,41.00,32.00,223.00
FW02661,RODENTIA,MURIDAE,NEOTOMA,Fuscipes,U.S.A.,OREGON,POLK CO,"2 MI. S, 1 MI. W MONMOUTH",,,,,44,49,,N,123,10,,W,,26,NOV,1973,172,Male,TESTIS 9 X 4.5 MM,Ad,"J. WARREN, JAW-7309",N,SKIN AND SKULL,,N,9.04,7.72,3.51,2.84,2.35,2.06,6.57,376.00,186.00,37.00,26.00,317.40
FW02687,RODENTIA,MURIDAE,NEOTOMA,Fuscipes,U.S.A.,OREGON,KLAMATH CO,"7 MI. E MALIN, MALONE CAMPGROUND",,,,,42,1,,N,121,16,,W,,14,OCT,1973,4100,Male,N,Ad,"K. PREVETTE, KWP-3-73",N,SKIN AND SKULL,,N,9.03,5.94,3.38,2.66,1.90,1.81,6.25,372.00,158.00,40.00,52.00,223.50
FW02712,RODENTIA,MURIDAE,NEOTOMA,Fuscipes,U.S.A.,OREGON,BENTON CO,"1 MI. N, 0.5 MI. E CORVALLIS",,,,,44,34,,N,123,14,,W,,23,NOV,1973,240,Male,TESTIS 9 X 7 MM,Ad,"J. LEAFGREN, JL-545",N,SKIN AND SKULL,,N,8.89,6.65,3.45,2.47,2.10,1.83,6.15,412.00,116.00,34.00,31.00,341.30
FW02750,RODENTIA,MURIDAE,NEOTOMA,Cinerea,U.S.A.,OREGON,DESCHUTES CO,"1 MI. E REDMOND, REDMOND AIR CENTER",,,,,44,16,,N,121,9,,W,,25,AUG,1973,3400,Male,N,Ad,"J. DUBE, JRD-1-73",N,SKIN AND SKULL,,N,9.73,7.88,3.88,2.84,2.28,1.91,6.66,390.00,155.00,39.00,35.00,350.00
FW02851,RODENTIA,MURIDAE,NEOTOMA,Fuscipes,U.S.A.,OREGON,LANE CO,"2 MI. N, 0.5 MI. E LONDON SPRINGS",,,,,43,39,,N,123,5,,W,,2,NOV,1974,850,Male,TESTIS 11 X 6 MM,Ad ,"L. GOODMAN, 74-02",N,SKIN AND SKULL,,N,9.44,7.72,3.48,2.54,2.33,1.77,6.26,457.00,238.00,43.00,33.00,304.50
FW02852,RODENTIA,MURIDAE,NEOTOMA,Cinerea,U.S.A.,OREGON,JEFFERSON CO,"1 MI. N, 3 MI. W CULVER",,,,,44,32,,N,121,16,,W,,12,OCT,1974,3000,Male,TESTIS 3 X 2 MM,Juv,"M. LALLY, MKL-74-3",N,SKIN AND SKULL,,N,9.44,6.84,3.42,2.38,2.24,1.82,6.06,320.00,126.00,38.00,29.00,137.00
FW02853,RODENTIA,MURIDAE,NEOTOMA,Cinerea,U.S.A.,OREGON,JEFFERSON CO,"1 MI. N, 3 MI. W CULVER",,,,,44,32,,N,121,16,,W,,12,OCT,1974,3000,Male,TESTIS 7 X 4 MM,Ad,"D. WEYERMANN, DLW-74-4",N,SKIN AND SKULL,,N,9.53,7.43,3.68,2.61,2.44,1.81,6.43,354.00,150.00,43.00,37.00,247.70
FW02892,RODENTIA,MURIDAE,NEOTOMA,Fuscipes,U.S.A.,OREGON,BENTON CO,"10 MI. S, 0.5 MI. W CORVALLIS",,,,,44,25,,N,123,15,,W,,3,DEC,1974,500,Male,TESTIS 13 X 5 MM,Ad,"G. COSPER, GC-74-2",N,SKIN AND SKULL,,N,9.29,8.79,3.51,2.61,2.51,2.09,6.45,447.00,213.00,38.00,32.00,328.40
FW02901,RODENTIA,MURIDAE,NEOTOMA,Fuscipes,U.S.A.,OREGON,JACKSON CO,"1 MI. N, 4 MI. E ASHLAND",,,,,42,13,,N,122,38,,W,,17,NOV,1974,2000,Female,NULLIPAROUS,Juv,"G. WESTFALL, GW-74-05",N,SKIN AND SKULL,,N,9.17,6.76,3.52,2.61,2.38,1.83,6.42,380.00,195.00,40.00,32.00,174.80
FW02904,RODENTIA,MURIDAE,NEOTOMA,Fuscipes,U.S.A.,OREGON,BENTON CO,"1 MI. S, 1 MI. W PHILOMATH",,,,,44,32,,N,123,22,,W,,10,OCT,1974,230,Male,TESTIS 6.5 X 5.5 MM,Ad,"E. RUSSELL, ER-74-3",N,SKIN AND SKULL,,N,9.09,6.52,3.42,2.63,2.28,1.80,6.13,420.00,214.00,43.00,28.00,224.00
FW02912,RODENTIA,MURIDAE,NEOTOMA,Cinerea,U.S.A.,OREGON,DESCHUTES CO,9 MI. E BEND,,,,,44,3,,N,121,7,,W,,13,OCT,1974,3500,Female,"IMPLANTATION SITES: 1L, 1R",Ad,"G. JACKSON, GSJ-74-02",N,SKIN AND SKULL,,N,9.64,7.07,3.72,2.83,2.28,1.92,6.69,348.00,147.00,40.00,35.00,211.50
FW02926,RODENTIA,MURIDAE,NEOTOMA,Cinerea,U.S.A.,OREGON,DESCHUTES CO,"1 MI. N, 2 MI. W TERREBONNE, UPPER DESCHUTES CANYON",,,,,44,21,,N,121,13,,W,,25,OCT,1975,3000,Female,N,Juv,"B. PRICE, -",B. VERTS,SKIN AND SKULL,,N,8.98,7.08,3.47,2.41,2.23,1.78,6.13,327.00,134.00,39.00,33.00,192.90
FW02957,RODENTIA,MURIDAE,NEOTOMA,Lepida,U.S.A.,OREGON,HARNEY CO,"31 MI. S, 7 MI. E BURNS, MALHEUR NWR",,,,,43,11,,N,118,56,,W,,3,OCT,1974,4200,Male,N,Ad,"G. FELDHAMER, 74-25",N,SKIN AND SKULL,,N,7.66,5.64,3.36,2.13,1.86,1.59,5.77,260.00,110.00,31.00,25.00,123.70
FW02958,RODENTIA,MURIDAE,NEOTOMA,Lepida,U.S.A.,OREGON,HARNEY CO,"31 MI. S, 7 MI. E BURNS, MALHEUR NWR",,,,,43,11,,N,118,56,,W,,30,SEP,1974,4200,Male,N,Ad,"G. FELDHAMER,74-29",N,SKIN AND SKULL,,N,7.81,5.37,2.86,2.16,1.84,1.60,5.29,255.00,110.00,30.00,25.00,106.09
FW03018,RODENTIA,MURIDAE,NEOTOMA,Fuscipes,U.S.A.,OREGON,BENTON CO,"5 MI. N, 5 MI. W CORVALLIS, BERRY CREEK EXP. STAT.",,,,,44,38,,N,123,21,,W,,18,OCT,1975,250,Male,TESTIS 7 X 3 MM,Ad,"D. GREER, DG-75-2",N,SKIN AND SKULL,,N,9.28,7.72,3.41,2.88,2.53,1.97,6.36,476.00,211.00,32.00,23.00,369.20
FW03041,RODENTIA,MURIDAE,NEOTOMA,Fuscipes,U.S.A.,OREGON,BENTON CO,"5 MI N, 5 MI W CORVALLIS, (BERRY CR EXPERIMENT STATION)",,,,,44,38,,N,123,20,,W,,21,NOV,1975,250,Female,NULLIPAROUS,Ad,"R. WOLDEIT, RLW-75-03",N,SKIN AND SKULL,,N,8.93,7.11,3.37,2.63,2.32,1.84,6.33,414.00,218.00,37.00,29.00,221.00
FW03077,RODENTIA,MURIDAE,NEOTOMA,Fuscipes,U.S.A.,OREGON,POLK CO,"4 MI. N, 2 MI. W DALLES, PIONEER LOOP RD.",,,,,44,59,,N,123,20,,W,,12,NOV,1975,750,Male,TESTIS 6.2 X 4.0 MM,Ad,"K. DZINBAL, KDZ 75-03",N,SKIN AND SKULL,,N,9.21,7.23,3.45,2.61,2.42,1.90,6.21,463.00,213.00,44.00,34.00,276.00
FW03119,RODENTIA,MURIDAE,NEOTOMA,Lepida,U.S.A.,OREGON,HARNEY CO,13 MI. S FIELDS,,,,,42,4,,N,118,40,,W,,30,APR,1976,4500,Female,"PREGNANT: 3L, 1 RESORBING R",Ad,"B.J. VERTS, BJV-19-76",N,SKIN AND SKULL,,N,7.64,5.26,2.83,2.11,1.71,1.53,5.29,246.00,99.00,29.00,29.00,76.00
FW03176,RODENTIA,MURIDAE,NEOTOMA,Cinerea,U.S.A.,OREGON,DESCHUTES CO,"1 MI. S, 3 MI. W TERREBONNE",,,,,44,21,,N,121,14,,W,,26,SEP,1976,3400,Male,TESTIS 5 X 4 MM,Juv,R. DEERING,"B.J. VERTS, BJV-76-48",SKIN AND SKULL,,N,9.80,7.16,3.54,2.52,2.37,1.94,6.48,344.00,151.00,41.00,34.00,199.60
FW03177,RODENTIA,MURIDAE,NEOTOMA,Cinerea,U.S.A.,OREGON,DESCHUTES CO,3 MI. W TERREBONNE,,,,,44,21,,N,121,14,,W,,27,SEP,1976,3200,Female,"PLACENTAL SCARS: 2L, 1R",Ad,R. DEERING,"B.J. VERTS, BJV-76-49",SKIN AND SKULL,,N,9.22,7.79,3.81,2.51,2.29,1.95,6.52,336.00,127.00,42.00,33.00,259.50
FW03180,RODENTIA,MURIDAE,NEOTOMA,Cinerea,U.S.A.,OREGON,DESCHUTES CO,3 MI. W TERREBONNE,,,,,44,21,,N,121,14,,W,,2,OCT,1976,3400,Female,NULLIPAROUS,Juv,R. DEERING,"B.J. VERTS, BJV-76-50",SKIN AND SKULL,,N,9.32,7.55,3.62,2.59,2.11,1.93,6.52,351.00,155.00,40.00,34.00,207.90
FW03238,RODENTIA,MURIDAE,NEOTOMA,Fuscipes,U.S.A.,OREGON,BENTON CO,"8 MI. N, 1 MI. E CORVALLIS, SOAP CREEK",,,,,44,40,,N,123,15,,W,,21,OCT,1976,250,Female,"PLACENTAL SCARS: 2L, 0R",Ad,"L. POOLE, LMP-76-3",N,SKIN AND SKULL,,N,8.37,6.47,3.06,2.05,2.55,1.81,5.87,434.00,220.00,41.00,30.00,247.60
FW03261,RODENTIA,MURIDAE,NEOTOMA,Cinerea,U.S.A.,OREGON,DESCHUTES CO,"1 MI. S, 2 MI. W TERREBONNE",,,,,44,20,,N,121,17,,W,,7,MAY,1977,3100,Female,N,Ad,R. DEERING,"B.J. VERTS, BJV-77-7",SKIN AND SKULL,,N,9.45,7.82,3.84,2.81,2.28,2.06,6.81,362.00,153.00,40.00,34.00,270.20
FW03452,RODENTIA,MURIDAE,NEOTOMA,Fuscipes,U.S.A.,OREGON,BENTON CO,"1 MI. S, 1.5 MI. E HOSKINS, WHISPERING WINDS GIRL SCOUT",CAMP,,,,44,39,,N,123,26,,W,,28,NOV,1978,500,Female,NULLIPAROUS,Juv,"K. PENDERGRASS, KLP 78-5",N,SKIN AND SKULL,,N,9.25,6.19,3.31,2.46,2.19,1.92,6.17,390.00,194.00,42.00,33.00,138.60
FW03489,RODENTIA,MURIDAE,NEOTOMA,Fuscipes,U.S.A.,OREGON,BENTON CO,"2 MI. S, 3 MI. W GREENBERRY",,,,,44,26,,N,123,14,,W,,5,OCT,1976,500,Male,"TESTES: L 11 X 5 MM, R 12 X 6 MM",Ad,"T. DEMING, TD 76-2",N,SKIN AND SKULL,,N,9.39,7.55,3.66,2.85,2.31,2.04,6.67,,,40.00,32.00,293.00
FW03503,RODENTIA,MURIDAE,NEOTOMA,Fuscipes,U.S.A.,OREGON,BENTON CO,5 MI. W WELLSDALE,,,,,44,42,,N,123,17,,W,,17,OCT,1976,600,Male,NULLIPAROUS,Juv,"C. MUNSON, CRM-20-76",N,SKIN AND SKULL,,N,8.73,6.71,3.39,2.33,2.12,1.85,6.02,391.00,185.00,39.00,31.00,214.60
FW03533,RODENTIA,MURIDAE,NEOTOMA,Cinerea,U.S.A.,OREGON,WASCO CO,"1 MI. N, 6 MI. W WAMIC",,,,,45,14,,N,121,22,,W,,25,JUL,1978,,Male,N,Juv,"B. VERTS, BJV-78-14",N,SKIN AND SKULL,,N,9.08,6.73,3.39,2.55,2.08,1.71,6.29,281.00,122.00,43.00,32.00,102.60
FW03534,RODENTIA,MURIDAE,NEOTOMA,Cinerea,U.S.A.,OREGON,WASCO CO,"1 MI. N, 6 MI. W WAMIC, BONNEY CROSSING CAMPGROUND",,,,,45,14,,N,121,22,,W,,25,JUL,1978,,Male,N,Juv,"B. VERTS, BJV-78-13",N,SKIN AND SKULL,,N,8.76,6.13,3.35,2.63,1.99,1.76,6.21,271.00,119.00,41.00,32.00,99.10
FW03845,RODENTIA,MURIDAE,NEOTOMA,Cinerea,U.S.A.,OREGON,GRANT CO,"1 MI. N, 10.5 MI. E LONG CREEK, T10S, R32E, SEC. 4, (KA",HLER BUTTE)KAHLER BUTTE,"T10S, R32E, SEC. 4",,,44,44,,N,118,54,,W,,20,JUL,1979,,Male,N,vJuv,"E. McMAHON, EEM-81",N,SKIN AND SKULL,,N,8.38,6.38,3.30,2.65,1.54,1.67,6.08,230.00,110.00,37.00,26.00,80.00
FW03851,RODENTIA,MURIDAE,NEOTOMA,Cinerea,U.S.A.,OREGON,WASCO CO,"6 MI. W WAMIC, T4S, R11E, SEC. 11, ROCK CREEK",,"T4S, R11E, SEC. 11",,,45,14,,N,121,23,,W,,25,JUL,1979,2500,Female,"PLACENTAL SCARS: 2L, 2R",Ad,"K. HUNDERTMARK, KJH-79-2",N,SKIN AND SKULL,,N,9.68,8.49,3.77,2.82,2.54,2.01,6.73,392.00,173.00,43.00,26.00,289.40
FW03852,RODENTIA,MURIDAE,NEOTOMA,Cinerea,U.S.A.,OREGON,WASCO CO,"6 MI. W WAMIC, T4S, R11E, SEC. 11, ROCK CREEK",,"T4S, R11E, SEC. 11",,,45,14,,N,121,23,,W,,25,JUL,1979,2500,Male,N,Ad,"K. HUNDERTMARK, KJH-79-1",N,SKIN AND SKULL,,N,9.36,7.95,3.47,2.39,2.32,1.70,6.21,396.00,175.00,49.00,31.00,268.60
FW03870,RODENTIA,MURIDAE,NEOTOMA,Cinerea,U.S.A.,OREGON,DESCHUTES CO,3 MI. W TERREBONNE,,,,,44,21,,N,121,14,,W,,12,SEP,1979,3000,Male,TESTIS 7 X 5 MM,Juv,K. HUNDERTMARK,"B. VERTS, X-18",SKIN AND SKULL,,N,9.65,8.07,3.67,2.44,2.21,1.93,6.48,382.00,165.00,44.00,37.00,301.60
FW03871,RODENTIA,MURIDAE,NEOTOMA,Cinerea,U.S.A.,OREGON,DESCHUTES CO,3 MI. W TERREBONNE,,,,,44,21,,N,121,14,,W,,12,SEP,1979,3000,Female,"PLACENTAL SCARS: 3L, 3R",Ad ,K. HUNDERTMARK,"B. VERTS, X-20",SKIN AND SKULL,,N,9.58,7.83,3.76,2.65,2.46,2.04,6.73,365.00,156.00,41.00,36.00,241.10
FW03872,RODENTIA,MURIDAE,NEOTOMA,Cinerea,U.S.A.,OREGON,DESCHUTES CO,4 MI. W TERREBONNE,,,,,44,21,,N,121,14,,W,,16,APR,1979,3000,Female,"PLACENTAL SCARS: 3L, 1R",Ad ,K. HUNDERTMARK,"L.N.T. CARRAWAY, X-24",SKIN AND SKULL,,N,9.64,8.08,3.66,2.51,2.47,1.94,6.35,370.00,151.00,43.00,33.00,301.20
FW04204,RODENTIA,MURIDAE,NEOTOMA,Cinerea,U.S.A.,OREGON,DESCHUTES CO,3 MI. W TERREBONNE,,,,,44,21,,N,121,14,,W,,6,OCT,1979,3000,Male,TESTIS 11 X 5 MM,Ad,B. VERTS,"D. HOGE, DPH-79-2",SKIN AND SKULL,,N,10.15,8.35,3.72,2.72,2.54,1.94,6.65,374.00,145.00,39.00,34.00,359.30
FW04205,RODENTIA,MURIDAE,NEOTOMA,Cinerea,U.S.A.,OREGON,DESCHUTES CO,3 MI. W TERREBONNE,,,,,44,21,,N,121,14,,W,,6,OCT,1979,3000,Male,TESTIS 6 X 4 MM,Ad,B. VERTS,"M. EVANS, MBE-79-2",SKIN AND SKULL,,N,9.44,7.10,3.83,2.56,2.22,1.85,6.78,356.00,150.00,40.00,31.00,252.60
FW04208,RODENTIA,MURIDAE,NEOTOMA,Cinerea,U.S.A.,OREGON,DESCHUTES CO,3 MI. W TERREBONNE,,,,,44,21,,N,121,14,,W,,6,OCT,1979,3000,Male,TESTIS 6 X 4 MM,Ad,B. VERTS,"M. FINK, MJF-79-2",SKIN AND SKULL,,N,9.49,6.84,3.75,2.49,2.04,1.78,6.53,,181.00,39.00,30.00,
FW04211,RODENTIA,MURIDAE,NEOTOMA,Fuscipes,U.S.A.,OREGON,BENTON CO,"8.5 MI. N, 2 MI. E CORVALLIS",,,,,44,40,,N,123,13,,W,,16,NOV,1979,500,Male,TESTIS 12 X 6 MM,Ad,"M. MAC DANOLD, M-3",N,SKIN AND SKULL,,N,9.18,7.76,3.41,2.28,2.18,2.08,6.42,414.00,171.00,43.00,32.00,158.70
FW04212,RODENTIA,MURIDAE,NEOTOMA,Fuscipes,U.S.A.,OREGON,BENTON CO,4 MI. N CORVALLIS ON HWY 99W,,,,,44,37,,N,123,14,,W,,9,NOV,1979,250,Female,NULLIPAROUS,Ad,"W. FLOERING, WJF-79-4",N,SKIN AND SKULL,,N,9.33,6.77,3.57,2.46,2.16,1.91,6.35,384.00,207.00,41.00,30.00,186.70
FW04213,RODENTIA,MURIDAE,NEOTOMA,Fuscipes,U.S.A.,OREGON,BENTON CO,"0.5 MI. N CORVALLIS, (TIMBERHILL)",,,,,44,34,,N,123,16,,W,,30,NOV,1979,237,Male,N,Juv,"J. HAGEDORN, JMH-79-3",N,SKIN AND SKULL,,N,9.39,6.47,3.38,2.57,2.11,1.92,6.22,300.00,195.00,40.00,20.00,145.00
FW04934,RODENTIA,MURIDAE,NEOTOMA,Cinerea,U.S.A.,OREGON,DESCHUTES CO,"4 MI. W TERREBONNE, T14S, R13E",,"T14S, R13E",,,44,21,,N,121,21,,W,,16,JUN,1980,,Female,N,Juv,S. GEHMAN,"B.J. VERTS, X-106",SKIN AND SKULL,,N,9.17,6.31,3.41,2.16,2.15,1.71,5.96,293.00,128.00,39.00,31.00,124.30
FW04935,RODENTIA,MURIDAE,NEOTOMA,Cinerea,U.S.A.,OREGON,DESCHUTES CO,"4 MI. W TERREBONNE, T14S, R13E",,"T14S, R13E",,,44,21,,N,121,14,,W,,16,JUN,1980,,Male,N,Juv,S. GEHMAN,"B.J. VERTS, X-108",SKIN AND SKULL,,N,8.93,6.63,3.44,2.22,1.93,1.73,6.13,297.00,127.00,41.00,33.00,138.20
FW05101,RODENTIA,MURIDAE,NEOTOMA,Fuscipes,U.S.A.,OREGON,BENTON CO,8 MI. N CORVALLIS,,,,,44,40,,N,123,15,,W,,24,NOV,1980,237,Female,LACTATING,Ad,T. LUM,"K. JENSEN, KAJ 80-4",SKIN AND SKULL,,N,8.93,6.52,3.39,2.44,2.08,1.87,6.06,355.00,193.00,41.00,31.00,164.90
FW05148,RODENTIA,MURIDAE,NEOTOMA,Cinerea,U.S.A.,OREGON,DESCHUTES CO,4 MI. W TERREBONNE,,,,,44,21,,N,121,15,,W,,11,OCT,1980,3000,Male,N,Ad,B.J. VERTS,"D. ALLARD, DA-80-2",SKIN AND SKULL,,N,9.06,7.16,3.49,2.32,2.08,1.76,6.18,356.00,148.00,23.00,37.00,187.10
FW05408,RODENTIA,MURIDAE,NEOTOMA,Fuscipes,U.S.A.,OREGON,BENTON CO,"8 MI N,1 MI E CORVALLIS, RYALS AV, 1 MI E ADAIR VILLAGE",,,,,44,40,,N,123,10,,W,,1,DEC,1980,230,Female,NULLIPAROUS,Ad,"R.K. HARTLEY, RKH-80-2",N,SKIN AND SKULL,,N,9.28,6.42,3.37,2.58,2.12,1.84,6.24,400.00,201.00,41.00,31.00,185.40
FW05452,RODENTIA,MURIDAE,NEOTOMA,Fuscipes,U.S.A.,OREGON,BENTON CO,"7.5 MI. S, 3 MI. E CORVALLIS, SMITH LOOP",,,,,44,40,,N,123,11,,W,,8,DEC,1981,200,Female,NULLIPAROUS,Juv,"G. KILLINGER, GMK-81-4",N,SKIN AND SKULL,,N,9.13,6.80,3.51,2.54,2.22,2.02,6.23,344.00,190.00,45.00,31.00,231.30
FW05494,RODENTIA,MURIDAE,NEOTOMA,Cinerea,U.S.A.,OREGON,DESCHUTES CO,"4 MI. W TERREBONNE, COTTONTAIL LANE",,,,,44,21,,N,121,14,,W,,17,OCT,1981,3000,Male,TESTIS 5 MM,Ad,B. VERTS,"V. MIZNER, VM-81-2",SKIN AND SKULL,,N,9.28,7.47,3.67,2.62,2.18,1.86,6.62,370.00,160.00,43.00,39.00,212.10
FW05510,RODENTIA,MURIDAE,NEOTOMA,Cinerea,U.S.A.,OREGON,DESCHUTES CO,4 MI. W TERREBONNE,,,,,44,21,,N,121,15,,W,,17,OCT,1981,2500,Female,NULLIPAROUS,Juv,B. VERTS,"P.F. LUCAS, PFL-02",SKIN AND SKULL,,N,9.61,7.31,3.98,2.57,2.11,1.94,6.79,325.00,140.00,35.00,34.00,159.50
FW05517,RODENTIA,MURIDAE,NEOTOMA,Cinerea,U.S.A.,OREGON,DESCHUTES CO,4 MI. W TERREBONNE,,,,,44,21,,N,121,15,,W,,17,OCT,1981,3000,Male,TESTIS 5 X 3 MM,Juv,B. VERTS,"R. WEIDMAN, RW-003",SKIN AND SKULL,,N,9.00,7.56,3.54,2.48,2.24,1.88,6.21,345.00,148.00,41.00,34.00,252.40
FW05540,RODENTIA,MURIDAE,NEOTOMA,Cinerea,U.S.A.,OREGON,DESCHUTES CO,4 MI. W TERREBONNE,,,,,44,21,,N,121,15,,W,,26,JUN,1981,,Female,"PLACENTAL SCARS: 3L, 4R",Ad,S. GEHMAN,"B.J. VERTS, X-127",SKIN AND SKULL,,N,9.11,7.83,3.65,2.56,2.34,1.92,6.35,381.00,166.00,40.00,34.00,208.10
FW05541,RODENTIA,MURIDAE,NEOTOMA,Cinerea,U.S.A.,OREGON,DESCHUTES CO,4 MI. W TERREBONNE,,,,,44,21,,N,121,15,,W,,7,MAY,1981,,Male,TESTIS 3 X 2 MM,Ad,S. GEHMAN,"B.J. VERTS, X-128",SKIN AND SKULL,,N,9.39,7.14,3.49,2.43,2.15,1.76,6.58,324.00,139.00,41.00,32.00,154.10
FW05602,RODENTIA,MURIDAE,NEOTOMA,Fuscipes,U.S.A.,OREGON,BENTON CO,CORVALLIS,,"T11S, R5W, SEC. 23",,,44,34,,N,123,16,,W,,26,JAN,1949,,Male,N,,"C.E. SMITH, CES-4",N,SKIN AND SKULL,,N,9.26,7.05,3.35,2.39,2.26,1.99,5.89,381.00,200.00,40.00,,
FW05603,RODENTIA,MURIDAE,NEOTOMA,Fuscipes,U.S.A.,OREGON,BENTON CO,CORVALLIS,,,,,44,34,,N,123,16,,W,,14,JAN,1948,,Male,N,,"J.E. MYERS, JEM-1",N,SKIN AND SKULL,,N,9.32,7.17,3.54,2.55,2.53,2.00,6.44,439.00,197.00,39.00,,
FW05605,RODENTIA,MURIDAE,NEOTOMA,Fuscipes,U.S.A.,OREGON,BENTON CO,CORVALLIS,,,,,44,34,,N,123,16,,W,,14,JAN,1948,,Male,N,,"J.R. WOODWORTH, -",N,SKIN AND SKULL,,N,8.93,8.39,3.24,2.86,2.21,1.87,6.32,470.00,220.00,44.00,,
FW05606,RODENTIA,MURIDAE,NEOTOMA,Fuscipes,U.S.A.,OREGON,BENTON CO,"CORVALLIS, T12S, R5W, SEC. 28",,"T12S, R5W, SEC. 28",,,44,34,,N,123,16,,W,,,JAN,1949,,Female,N,,"R.L. RULIFSON, RLR-1",N,SKIN AND SKULL,,N,9.24,6.59,3.33,2.75,2.13,1.81,6.26,413.00,224.00,50.00,,
FW05607,RODENTIA,MURIDAE,NEOTOMA,Fuscipes,U.S.A.,OREGON,JOSEPHINE CO,OREGON CAVES NATIONAL MONUMENT,,,,,42,6,,N,123,24,,W,,5,AUG,1948,,Female,N,,"A.L. ROEST, ALR-12",N,SKIN AND SKULL,,N,8.59,5.96,3.19,2.27,1.88,1.70,5.92,330.00,169.00,39.00,,
FW05608,RODENTIA,MURIDAE,NEOTOMA,Fuscipes,U.S.A.,OREGON,BENTON CO,"4 MI. NE CORVALLIS, T11S, R5W, SEC. 5",,"T11S, R5W, SEC. 5",,,44,38,,N,123,19,,W,,12,OCT,1952,,Male,N,,"D. SHUMWAY, DS-6",N,SKIN AND SKULL,,N,9.34,6.92,3.28,2.66,2.29,1.88,6.23,418.00,200.00,40.00,31.00,
FW05609,RODENTIA,MURIDAE,NEOTOMA,Fuscipes,U.S.A.,OREGON,BENTON CO,CORVALLIS,,,,,44,34,,N,123,16,,W,,16,JAN,1948,,Male,N,,"F. ELLERTSON, FE-2",N,SKIN AND SKULL,,N,9.06,7.02,3.53,2.51,2.18,1.96,6.39,410.00,205.00,43.00,,
FW05610,RODENTIA,MURIDAE,NEOTOMA,Fuscipes,U.S.A.,OREGON,BENTON CO,CORVALLIS,,,,,44,34,,N,123,16,,W,,10,JAN,1948,,Male,N,,"R.M. YANCEY, RMY-1-48",N,SKIN AND SKULL,,N,9.14,7.76,3.71,2.71,2.39,2.08,6.56,425.00,190.00,33.00,,
FW05611,RODENTIA,MURIDAE,NEOTOMA,Fuscipes,U.S.A.,OREGON,LINN CO,5.5 MI. W ALBANY,,,,,44,34,,N,123,10,,W,,19,APR,1940,,Male,N,,"C.L. NUNENCAMP, CLN-4-40",N,SKIN AND SKULL,,N,9.09,8.40,3.72,2.62,2.34,2.06,6.50,414.00,223.00,40.00,,
FW05612,RODENTIA,MURIDAE,NEOTOMA,Fuscipes,U.S.A.,OREGON,BENTON CO,CORVALLIS,,,,,44,34,,N,123,16,,W,,,FEB,1949,,Female,N,,"R. SCOTT, RS-8-49",N,SKIN AND SKULL,,N,8.65,6.42,3.38,2.46,1.95,1.91,6.04,357.00,190.00,39.00,,
FW05613,RODENTIA,MURIDAE,NEOTOMA,Fuscipes,U.S.A.,OREGON,BENTON CO,MONROE,,,,,44,19,,N,123,18,,W,,26,JAN,1950,,Male,N,,"M.L. MONTGOMERY, MLM-4-50",N,SKIN AND SKULL,,N,9.29,7.18,3.77,2.56,2.24,1.91,6.41,433.00,215.00,39.00,,
FW05614,RODENTIA,MURIDAE,NEOTOMA,Fuscipes,U.S.A.,OREGON,BENTON CO,5 MI. N CORVALLIS,,,,,44,38,,N,123,16,,W,,30,JAN,1949,,Female,N,,"R.M. YANCEY, RMY-26",N,SKULL ONLY,,N,9.21,6.83,3.49,2.52,2.17,1.96,6.36,395.00,210.00,43.00,,
FW05621,RODENTIA,MURIDAE,NEOTOMA,Lepida,U.S.A.,OREGON,HARNEY CO,"STEENS MOUNTAIN, T30S, R31E, SEC. 14",,"T30S, R31E, SEC. 14",,,42,58,,N,118,50,,W,,15,JUN,1953,,Male,N,,"C.G. AND P.A. HANSEN, CGH/PAH-108",N,SKIN AND SKULL,,N,7.77,6.15,3.01,2.32,1.84,1.73,5.54,270.00,108.00,29.00,28.00,
FW05623,RODENTIA,MURIDAE,NEOTOMA,Lepida,U.S.A.,OREGON,HARNEY CO,"STEENS MOUNTAIN, T31S, R32 1/2 E, SEC. 23",,"T31S, R32 1/2 E, SEC. 23",,,42,52,,N,118,47,,W,,30,JUN,1953,,Male,N,,"C.G. AND P.A. HANSEN, CGH/PAH-167",N,SKIN AND SKULL,,N,6.97,5.02,2.92,2.43,1.66,1.48,5.52,200.00,86.00,26.00,26.00,
FW05625,RODENTIA,MURIDAE,NEOTOMA,Lepida,U.S.A.,OREGON,HARNEY CO,"STEENS MOUNTAIN, T30S, R31E, SEC. 14",,"T30S, R31E, SEC. 14",,,42,58,,N,118,50,,W,,15,JUN,1953,,Female,N,,"C.G. AND P.A. HANSEN, CGH/PAH-105",N,SKIN AND SKULL,,N,7.21,5.29,2.84,2.11,1.57,1.56,5.19,252.00,100.00,27.00,27.00,
FW05627,RODENTIA,MURIDAE,NEOTOMA,Lepida,U.S.A.,NEVADA,WASHOE CO,"0.25 MI W CRESSLER RANCH (IXL), SHELDON ANTELOPE REFUGE",,"T47N, R22E",,,0,0,,N,0,0,,W,,20,AUG,1952,5000,Male,N,,"B. McNAB, BKM-25",N,SKIN AND SKULL,,N,8.02,5.16,3.22,2.41,1.48,1.63,5.95,272.00,110.00,32.00,26.00,
FW06368,RODENTIA,MURIDAE,NEOTOMA,Cinerea,U.S.A.,OREGON,DESCHUTES CO,3 MI. W TERREBONNE,,,,,44,21,,N,121,14,,W,,13,MAY,1981,3000,Male,TESTIS 5 X 3 MM,Juv,"S. GEHMAN, SDG-81-58",N,SKIN AND SKULL,,N,9.33,6.68,3.49,2.64,1.81,1.71,6.49,251.00,102.00,35.00,25.00,87.30
FW06374,RODENTIA,MURIDAE,NEOTOMA,Cinerea,U.S.A.,OREGON,HARNEY CO,"STEENS MOUNTAIN, T33S, R33E, SEC. 2",,,,,42,42,,N,118,35,,W,,14,JUL,1954,8400,Male,N,,"C.G. AND P.A. HANSEN, CGH/PAH-483",N,SKIN AND SKULL,,N,10.19,7.21,3.53,2.55,2.29,1.84,6.51,390.00,175.00,47.00,32.00,
FW06380,RODENTIA,MURIDAE,NEOTOMA,Cinerea,U.S.A.,OREGON,HARNEY CO,"STEENS MOUNTAIN, T33S, R34E, SEC. 3",,,,,42,42,,N,118,29,,W,,31,AUG,1954,5000,Male,N,Ad,"C.G. AND P.A. HANSEN, CGH/PAH-553",N,SKIN AND SKULL,,N,9.88,7.43,3.62,2.53,2.14,1.77,6.53,394.00,175.00,45.00,35.00,
FW06381,RODENTIA,MURIDAE,NEOTOMA,Cinerea,U.S.A.,OREGON,KLAMATH CO,"CRATER LAKE NATIONAL PARK, SUPERINTENDENT'S HOUSE",,,,,42,54,,N,122,9,,W,,10,JUL,1947,0,Female,4 EMBRYOS,,"O.L. WALLIS, 470710-1",N,SKIN AND SKULL,,N,8.95,7.76,3.63,2.75,2.44,2.01,6.56,365.50,163.50,43.00,31.00,
FW06383,RODENTIA,MURIDAE,NEOTOMA,Cinerea,U.S.A.,OREGON,DESCHUTES CO,LOWER BRIDGE,,,,,44,21,,N,121,17,,W,,4,MAY,1962,,Female,N,,"M. NAIL, MN-29",N,SKIN AND SKULL,,N,9.11,7.16,3.75,2.49,2.22,1.87,6.35,380.00,160.00,43.00,26.00,234.00
FW06456,RODENTIA,MURIDAE,NEOTOMA,Cinerea,U.S.A.,OREGON,DESCHUTES CO,3 MI. W TERREBONNE,,,,,44,21,,N,121,14,,W,,7,MAY,1981,3000,Male,N,Juv,"S. GEHMAN, SDG-81-57",N,SKIN AND SKULL,,N,8.95,6.29,3.41,2.34,1.93,1.63,6.15,287.00,116.00,35.00,31.00,118.40
FW06532,RODENTIA,MURIDAE,NEOTOMA,Fuscipes,U.S.A.,OREGON,BENTON CO,"1 MI. N CORVALLIS, T11S, R5W, SEC. 15",,,,,44,37,,N,123,16,,W,,4,APR,1951,,Male,N,,"K.M. WALKER, KMW-698",N,SKIN AND SKULL,,ALEX WALKER 845,8.97,7.32,3.30,2.71,2.15,1.92,6.22,447.00,225.00,43.00,,
FW06534,RODENTIA,MURIDAE,NEOTOMA,Cinerea,U.S.A.,OREGON,DESCHUTES CO,"TUMALO CREEK, BEND",,,,,44,4,,N,121,18,,W,,6,MAY,1925,3852,Female,N,,"A. WALKER, AW-448",N,SKIN AND SKULL,,ALEX WALKER 848,9.44,7.45,3.82,2.70,2.47,1.95,6.74,340.00,143.00,39.00,,
FW06535,RODENTIA,MURIDAE,NEOTOMA,Cinerea,U.S.A.,OREGON,LAKE CO,"14 MI. SW ADEL, WARNER MOUNTAINS, BARLEY CAMP, T41S, R2","1E, EAST EDGE SEC. 8WARNER MOUNTAINS",,,,42,2,,N,120,16,,W,,13,JUL,1930,0,Male,N,,"R.R. WALKER, RRW-834",N,SKIN AND SKULL,,ALEX WALKER 849,9.68,7.55,3.72,2.49,2.15,1.89,6.52,370.00,154.00,45.00,,
FW06536,RODENTIA,MURIDAE,NEOTOMA,Cinerea,U.S.A.,OREGON,LAKE CO,"14 MI. SW ADEL, WARNER MOUNTAINS, BARLEY CAMP, T41S, R2","1E, EAST EDGE SEC. 8WARNER MOUNTAINS",,,,42,2,,N,120,16,,W,,14,JUL,1930,0,Female,N,,"R.R. WALKER, RRW-835",N,SKIN AND SKULL,,ALEX WALKER 850,9.64,7.40,3.45,2.47,2.08,1.76,6.19,368.00,156.00,42.00,,
FW06863,RODENTIA,MURIDAE,NEOTOMA,Lepida,U.S.A.,OREGON,HARNEY CO,"6.75 MI. S, 12 MI. E FIELDS, TROUT CREEK",,"T39S, R36E, SEC. 25",,,42,10,,N,118,26,,W,,28,JUN,1982,,Male,TESTIS 5 X 3 MM,Juv,B.J. VERTS AND L.N.T. CARRAWAY,"B.J. VERTS, MM-21",SKIN AND SKULL,,N,7.52,5.17,3.08,2.26,1.61,1.59,5.63,263.00,112.00,31.00,32.00,93.10
FW06864,RODENTIA,MURIDAE,NEOTOMA,Lepida,U.S.A.,OREGON,HARNEY CO,"6.75 MI. S, 12 MI. E FIELDS, TROUT CREEK",,"T39S, R36E, SEC. 25",,,42,10,,N,118,26,,W,,28,JUN,1982,,Male,TESTIS 10 X 7 MM,Ad,B.J. VERTS AND L.N.T. CARRAWAY,"B.J. VERTS, MM-15",SKIN AND SKULL,,N,7.32,5.70,2.94,2.16,1.51,1.47,5.39,265.00,111.00,32.00,30.00,137.60
FW06865,RODENTIA,MURIDAE,NEOTOMA,Cinerea,U.S.A.,OREGON,HARNEY CO,"3.25 MI. S, 8.5 MI. E FRENCHGLEN",,"T32S, R32 3/4 E, SEC. 20",,,42,47,,N,118,44,,W,,30,JUN,1982,,Female,NULLIPAROUS,Juv,B.J. VERTS AND L.N.T. CARRAWAY,"B.J. VERTS, MM-28",SKIN AND SKULL,,N,9.75,7.20,3.64,2.77,2.38,1.95,6.79,293.00,121.00,40.00,32.00,129.50
FW06879,RODENTIA,MURIDAE,NEOTOMA,Cinerea,U.S.A.,OREGON,HARNEY CO,"12 MI. S, 5 MI. E FIELDS, RED POINT SCHOOLHOUSE",,"T40S, R35E, SEC. 23",,,42,6,,N,118,35,,W,,28,JUN,1982,,Female,NULLIPAROUS,Juv,B.J. VERTS AND L.N.T. CARRAWAY,"B.J. VERTS, MM-20",SKIN AND SKULL,,N,9.70,7.24,3.56,2.59,2.15,1.93,6.75,349.00,148.00,41.00,37.00,195.60
FW07069,RODENTIA,MURIDAE,NEOTOMA,Cinerea,U.S.A.,OREGON,DESCHUTES,"1 MI. S, 2 MI. W TERREBONNE",,,,,,,,,,,,,,30,SEP,1982,,Female,NULLIPAROUS,Juv,L.N.T. CARRAWAY & B.J. VERTS,"B.J. VERTS, BJV-37",SKIN AND SKULL,,,9.47,7.36,3.62,2.51,2.15,1.85,6.56,338.00,148.00,40.00,32.00,152.20
FW07113,RODENTIA,MURIDAE,NEOTOMA,Cinerea,U.S.A.,OREGON,DESCHUTES CO,"1 MI. S., 3 MI. W TERREBONNE",,,,,44,21,,N,121,15,,W,,9,OCT,1982,3100,Male,,Juv,B.J. VERTS & L.N. CARRAWAY,"D. DESMOND, DBD-003",,,,9.09,7.09,3.65,2.32,2.11,1.68,6.53,330.00,130.00,35.00,28.00,146.00
FW07395,RODENTIA,MURIDAE,NEOTOMA,Cinerea,U.S.A.,OREGON,DESCHUTES CO,"1 MI. S, 4 MI. W TERREBONNE",,"T14S, R13E, SEC. 18",,,44,21,,N,121,16,,W,,25,SEP,1984,3100,Male,TESTIS 5 X 4 MM,Juv,B.J. VERTS & L.N. CARRAWAY,"B.J. VERTS, BJV84-1",,,,9.65,6.45,3.72,2.54,2.22,1.89,6.55,318.00,135.00,37.00,34.00,176.00
FW07440,RODENTIA,MURIDAE,NEOTOMA,Lepida,U.S.A.,OREGON,HARNEY CO,"18 MI. N, 1 MI. E FRENCHGLEN",,"T29S, R31E, SW 1/4 NW 1/4 SEC. 4",,,43,5,,N,118,53,,W,,15,JUN,1984,4200,Male,TESTIS 8 X 5 MM,Ad,B.J. VERTS AND L.N. CARRAWAY,"L.N. CARRAWAY, LTC-376",,,,7.44,4.95,3.07,2.18,1.53,1.68,5.52,270.00,116.00,29.00,29.00,92.90
FW07538,RODENTIA,MURIDAE,NEOTOMA,Fuscipes,U.S.A.,OREGON,BENTON,"1 MI. N, 1 MI. E CORVALLIS",,,,,44,34,48,N,123,14,24,W,SCRUB APPLE FENCE ROW,26,OCT,1983,250,Female,NULLIPAROUS,Ad,J. SPITZ,"J. SPITZ, JAS83-4",,LARGE FLY LARVAE IN CENTER OF CHEST,,9.35,6.65,3.40,2.69,2.04,1.90,6.45,396.00,190.00,41.00,31.00,177.80
FW07539,RODENTIA,MURIDAE,NEOTOMA,Cinerea,U.S.A.,OREGON,DESCHUTES,"1 MI. S, 6 MI. W TERREBONNE",,,,,44,20,24,N,121,3,0,W,SAGEBRUSH AND JUNIPER SHRUB,8,OCT,1983,3100,Female,NULLIPAROUS,Juv,B.J. VERTS AND L.N. CARRAWAY,"G. MILLER, GPM83-2",,,,9.34,6.80,3.44,2.49,2.12,1.71,6.29,332.00,145.00,37.00,31.00,169.50
FW08873,RODENTIA,MURIDAE,NEOTOMA,Fuscipes,U.S.A.,OREGON,BENTON,"2 MI. N, 1 MI. E ADAIR VILLAGE",,"T10S, R4W, NW1/4 SEC. 19",,,,0,0,,,,0,,,7,OCT,1989,,Male,TESTIS (9 X 5 MM),Juv,B.J. VERTS,"L.F. ALEXANDER, X-1889","SKIN, SKULL, AND SKELETON",,,9.11,5.86,3.32,2.45,2.16,1.92,6.08,387.00,206.00,42.00,30.00,150.20
FW08874,RODENTIA,MURIDAE,NEOTOMA,Fuscipes,U.S.A.,OREGON,BENTON,"1 MI. N, 1 MI. E ADAIR VILLAGE",,"T10S, R4W, SE1/4 SEC. 20",,,,0,0,,,,0,,,7,OCT,1989,,Female,NULLIPAROUS,Juv,B.J. VERTS,"L.F. ALEXANDER, X-1890","SKIN, SKULL, AND SKELETON",,,8.71,6.35,3.37,2.44,1.79,1.86,6.11,346.00,180.00,41.00,28.00,131.90
RCT 530,RODENTIA,MURIDAE,NEOTOMA,Cinerea,U.S.A.,OREGON,LAKE CO,,,,43,-121,,,,,,,,,,8,14,2023,,Male,,Ad,,,SKULL AND SKELETON,,,9.32,8.33,3.64,2.69,2.23,1.99,6.62,370.00,161.00,41.00,33.00,350.00
RCT 531,RODENTIA,MURIDAE,NEOTOMA,Cinerea,U.S.A.,OREGON,LAKE CO,,,,43,-121,,,,,,,,,,8,14,2023,,Female,,Ad,,,SKULL AND SKELETON,,,9.33,7.39,3.61,2.87,2.24,2.02,6.66,340.00,141.00,39.00,30.00,270.00
RCT 537,RODENTIA,MURIDAE,NEOTOMA,Cinerea,U.S.A.,OREGON,LAKE CO,,,,43,-121,,,,,,,,,,8,14,2023,,Female,,Ad,,,SKULL AND SKELETON,,,9.66,7.54,3.59,2.85,2.51,2.07,6.63,352.00,149.00,40.00,33.00,275.00
RCT 563,RODENTIA,MURIDAE,NEOTOMA,Fuscipes,U.S.A.,OREGON,LAKE CO,,,,43,-121,,,,,,,,,,8,16,2023,,Female,,Ad,,,SKULL AND SKELETON,,,8.48,6.10,3.24,2.45,1.81,1.72,6.13,280.00,140.00,36.00,29.00,89.50
RCT 566,RODENTIA,MURIDAE,NEOTOMA,Fuscipes,U.S.A.,OREGON,LAKE CO,,,,43,-121,,,,,,,,,,8,17,2023,,Female,,Ad,,,SKULL AND SKELETON,,,8.66,6.13,3.37,2.31,1.83,1.82,5.99,285.00,125.00,35.00,30.00,105.00
RCT 595,RODENTIA,MURIDAE,NEOTOMA,Lepida,U.S.A.,OREGON,LAKE CO,,,,42.76,-120.55,,,,,,,,,,8,18,2023,,Male,,Ad,,,SKULL AND SKELETON,,,8.05,6.05,3.26,2.49,1.96,1.78,5.95,264.00,110.00,21.00,30.00,145.00
RCT 609,RODENTIA,MURIDAE,NEOTOMA,Lepida,U.S.A.,OREGON,LAKE CO,,,,42.76,-120.55,,,,,,,,,,6,25,2024,,Male,,Ad,,,SKULL AND SKELETON,,,7.78,5.47,3.12,2.06,1.74,1.56,5.52,265.00,110.00,30.00,27.00,120.00
RCT 624,RODENTIA,MURIDAE,NEOTOMA,Lepida,U.S.A.,OREGON,LAKE CO,,,,42.76,-120.55,,,,,,,,,,6,25,2024,,Male,,Ad,,,SKULL AND SKELETON,,,7.79,5.28,2.99,2.13,1.78,1.52,5.45,261.00,99.00,31.00,30.00,137.00
RCT 632,RODENTIA,MURIDAE,NEOTOMA,Lepida,U.S.A.,OREGON,LAKE CO,,,,42.76,-120.56,,,,,,,,,,6,25,2024,,Female,,Ad,,,SKULL AND SKELETON,,,7.51,5.74,3.13,2.23,1.74,1.59,5.57,252.00,106.00,29.00,29.00,110.00
RCT 683,RODENTIA,MURIDAE,NEOTOMA,Lepida,U.S.A.,OREGON,LAKE CO,,,,42.76,-120.55,,,,,,,,,,6,27,2024,,Male,,Ad,,,SKULL AND SKELETON,,,7.35,5.39,3.08,2.16,1.88,1.51,5.41,241.00,109.00,30.00,30.00,104.00
RCT 700,RODENTIA,MURIDAE,NEOTOMA,Cinerea,U.S.A.,OREGON,LAKE CO,,,,43,-121,,,,,,,,,,6,29,2024,,Female,,Ad,,,SKULL AND SKELETON,,,9.49,7.28,3.69,2.79,2.45,1.92,6.70,344.00,154.00,40.00,35.00,243.00
RCT 701,RODENTIA,MURIDAE,NEOTOMA,Cinerea,U.S.A.,OREGON,LAKE CO,,,,43,-121,,,,,,,,,,6,29,2024,,Male,,Ad,,,SKULL AND SKELETON,Yes,,9.73,6.36,3.42,2.48,2.27,1.91,6.27,356.00,138.00,40.00,33.00,205.00
RCT 702,RODENTIA,MURIDAE,NEOTOMA,Cinerea,U.S.A.,OREGON,LAKE CO,,,,43,-121,,,,,,,,,,6,29,2024,,Male,,Juv,,,SKULL AND SKELETON,Yes,,9.54,6.22,3.52,2.62,2.16,1.83,6.55,295.00,127.00,38.00,33.00,137.00
RCT 703,RODENTIA,MURIDAE,NEOTOMA,Cinerea,U.S.A.,OREGON,LAKE CO,,,,43,-121,,,,,,,,,,6,29,2024,,Male,,Ad,,,SKULL AND SKELETON,,,9.99,7.75,3.58,2.83,2.58,2.02,6.66,381.00,162.00,41.00,35.00,355.00
RCT 704,RODENTIA,MURIDAE,NEOTOMA,Cinerea,U.S.A.,OREGON,LAKE CO,,,,43,-121,,,,,,,,,,6,29,2024,,Female,,Ad,,,SKULL AND SKELETON,Yes,,9.48,6.69,3.43,2.45,2.16,1.67,6.27,300.00,129.00,39.00,35.00,189.00
RCT 705,RODENTIA,MURIDAE,NEOTOMA,Cinerea,U.S.A.,OREGON,LAKE CO,,,,43,-121,,,,,,,,,,6,29,2024,,,,Ad,,,SKULL AND SKELETON,Yes,,9.25,6.81,3.53,2.59,2.12,1.77,6.49,302.00,129.00,39.00,34.00,185.00
RCT 714,RODENTIA,MURIDAE,NEOTOMA,Cinerea,U.S.A.,OREGON,LAKE CO,,,,43,-121,,,,,,,,,,6,29,2024,,Female,,Ad,,,SKULL AND SKELETON,Yes,,9.03,6.47,3.42,2.35,2.10,1.76,6.04,235.00,123.00,38.00,30.00,147.00
RCT 721,RODENTIA,MURIDAE,NEOTOMA,Cinerea,U.S.A.,OREGON,LAKE CO,,,,43,-121,,,,,,,,,,6,29,2024,,Male,,Ad,,,SKULL AND SKELETON,,,10.07,7.44,3.70,2.63,2.19,1.85,6.65,350.00,153.00,41.00,32.00,238.00
RCT 723,RODENTIA,MURIDAE,NEOTOMA,Fuscipes,U.S.A.,OREGON,LAKE CO,,,,43,-121,,,,,,,,,,6,30,2024,,Male,,Ad,,,SKULL AND SKELETON,,,9.29,7.30,3.54,2.45,2.41,1.96,6.24,420.00,204.00,40.00,33.00,325.00
RCT 725,RODENTIA,MURIDAE,NEOTOMA,Fuscipes,U.S.A.,OREGON,LAKE CO,,,,43,-121,,,,,,,,,,7,1,2024,,Male,,Ad,,,SKULL AND SKELETON,,,8.88,6.31,3.26,2.33,2.13,1.75,5.92,375.00,172.00,41.00,32.00,175.00