    ,ORDER,FAMILY,GENUS,SPECIES,COUNTRY,STATE,COUNTY,LOCALITY1,LOCALITY2,LEGAL_TRS,LAT,LONG,LATDEG,LATMIN,LATSEC,LATHEM,LONGDEG,LONGMIN,LONGSEC,LONGHEM,HABITAT,DAYCOLLFRM,MONCOLLFRM,YRCOLLFROM,ELEV_FT,SEX,REPROD,AGE,COLLECTOR,PREPARER,PARTS,POSSIBLE HYBRID,SPECCOL,Alveolar length,Diastema length,M1 length,M2 Length,M3 Length,Premax to frontal,M1 Width,M1M2 Length,Total length (TL),Tail vertebra (TV),Hindfoot (HF),Ear (EA),Weight
FW00321,RODENTIA,MURIDAE,NEOTOMA,Cinerea,U.S.A.,OREGON,WALLOWA CO,"MI. POST # 1, MINAM RIVER",,,45.5600,-117.73,45,34,,N,117,44,,W,,,APR,1968,,Female,N,,"V.L. COGGINS, -",N,SKULL ONLY,,N,9.23,14.74,3.69,2.55,2.04,33.07,2.38,6.43,350.00,140.00,35.00,26.00,246.40
FW01739,RODENTIA,MURIDAE,NEOTOMA,Cinerea,U.S.A.,OREGON,DESCHUTES CO,"1 MI. S, 2 MI. SW TERREBONNE",,,44.3461,-121.18,0,0,,N,0,0,,W,,30,SEP,1982,,Male,TESTIS 3 X 5 MM,Juv,L.N. CARRAWAY AND B.J. VERTS,B.J. VERTS,SKIN AND SKULL,,N,9.70,13.33,3.23,2.69,2.02,31.34,2.22,6.21,331.00,139.00,41.00,33.00,193.20
FW02246,RODENTIA,MURIDAE,NEOTOMA,Cinerea,U.S.A.,OREGON,DESCHUTES CO,"3 MI. N, 1 MI. W REDMOND",,,44.3100,-121.27,44,19,,N,121,16,,W,,5,NOV,1972,3200,Male,TESTIS 6 X 3 MM,Ad ,"T. HALL, TD-72-6",N,SKIN AND SKULL,,N,8.82,13.75,3.44,2.36,1.92,29.94,2.14,6.05,307.00,124.00,34.00,28.00,209.50
FW02267,RODENTIA,MURIDAE,NEOTOMA,Cinerea,U.S.A.,OREGON,CROOK CO,"1 MI. N, 5 MI. E OF PRINEVILLE",,,44.3100,-120.74,44,19,,N,120,44,,W,,4,NOV,1972,3000,Female,TESTIS 8 X 5MM,Juv,"R. DEWANTE, RD-72-5",N,SKIN AND SKULL,,N,9.81,14.84,3.57,2.29,2.20,32.82,2.14,6.41,381.00,160.00,46.00,34.00,346.10
FW02352,RODENTIA,MURIDAE,NEOTOMA,Cinerea,U.S.A.,OREGON,LANE CO,MERCER,,,43.9600,-124.10,43,58,,N,124,6,,W,,16,NOV,1913,,Male,N,,"H. TELFORD, 36",N,SKIN AND SKULL,,N,9.76,15.14,3.62,2.54,2.15,34.03,2.21,6.40,394.00,188.00,45.00,,
FW02353,RODENTIA,MURIDAE,NEOTOMA,Cinerea,U.S.A.,OREGON,DESCHUTES CO,HEAD OF DAVIS CREEK,,,43.6600,-121.80,43,40,,N,121,48,,W,,9,APR,1914,,Female,N,,"O.J. MURIE, 258",N,SKIN AND SKULL,,N,9.02,14.18,3.43,2.64,2.34,32.53,2.22,6.07,351.00,154.00,42.00,,
FW02356,RODENTIA,MURIDAE,NEOTOMA,Cinerea,U.S.A.,OREGON,SHERMAN CO,"MILLER, MOUTH OF DESCHUTES RIVER, EAST SIDE",,,45.6300,-120.88,45,38,,N,120,53,,W,,29,JUL,1914,,Male,N,,"A. WALKER, 155",N,SKIN AND SKULL,,N,10.22,13.97,3.64,2.64,2.27,34.46,2.43,6.67,370.00,168.00,41.00,,
FW02358,RODENTIA,MURIDAE,NEOTOMA,Cinerea,U.S.A.,OREGON,DESCHUTES CO,HEAD OF DAVIS CREEK,,,43.6600,-121.80,43,40,,N,121,48,,W,,4,APR,1914,,Male,N,,"O.J. MURIE, 242",N,SKIN AND SKULL,,N,9.17,14.39,3.57,2.58,2.19,31.70,2.55,6.18,362.00,162.00,43.00,,
FW02359,RODENTIA,MURIDAE,NEOTOMA,Cinerea,U.S.A.,OREGON,SHERMAN CO,"MILLER, MOUTH OF DESCHUTES RIVER, EAST SIDE, EAST",,,45.6300,-120.88,45,38,,N,120,53,,W,,27,JUL,1914,,Male,N,,"A. WALKER, 148",N,SKIN AND SKULL,,N,9.78,13.76,3.52,2.50,2.26,32.87,2.24,6.29,340.00,152.00,40.00,,
FW02360,RODENTIA,MURIDAE,NEOTOMA,Cinerea,U.S.A.,OREGON,SHERMAN CO,"MILLER, MOUTH OF DESCHUTES RIVER, EAST SIDE",,,45.6300,-120.88,45,38,,N,120,53,,W,,3,AUG,1914,,Male,N,,"A. WALKER, 174",N,SKIN AND SKULL,,N,10.14,13.63,4.02,2.55,2.36,31.88,2.14,6.79,,,,,
FW02362,RODENTIA,MURIDAE,NEOTOMA,Cinerea,U.S.A.,OREGON,DESCHUTES CO,HEAD OF DAVIS CREEK,,,43.6600,-121.80,43,40,,N,121,48,,W,,4,APR,1914,,Male,N,,"O.J. MURIE, 243",N,SKIN AND SKULL,,N,10.20,17.17,3.62,2.72,2.09,35.96,2.33,6.56,402.00,180.00,47.00,,
FW02363,RODENTIA,MURIDAE,NEOTOMA,Cinerea,U.S.A.,OREGON,DESCHUTES CO,HEAD OF DAVIS CREEK,,,43.6600,-121.80,43,40,,N,121,48,,W,,5,APR,1914,,Female,N,,"O.J. MURIE, 245",N,SKIN AND SKULL,,N,9.53,14.35,3.59,2.89,1.97,,2.40,6.52,358.00,158.00,44.00,,
FW02364,RODENTIA,MURIDAE,NEOTOMA,Cinerea,U.S.A.,OREGON,JEFFERSON CO,12 MI. SE HAY CREEK,,,44.4800,-120.94,44,29,,N,120,56,,W,,21,MAY,1915,,Female,N,,"A. WALKER, 271",N,SKIN AND SKULL,,N,9.61,14.46,3.54,2.53,2.52,33.75,2.43,6.22,358.00,160.00,39.00,,
FW02365,RODENTIA,MURIDAE,NEOTOMA,Cinerea,U.S.A.,OREGON,DESCHUTES CO,HEAD OF DAVIS CREEK,,,43.6600,-121.80,43,40,,N,121,48,,W,,5,APR,1914,,Male,N,,"O.J. MURIE, 244",N,SKIN AND SKULL,,N,9.42,14.85,3.50,2.42,2.27,33.22,2.23,6.42,367.00,165.00,42.00,,
FW02366,RODENTIA,MURIDAE,NEOTOMA,Cinerea,U.S.A.,OREGON,KLAMATH CO,FORT KLAMATH,,,42.7000,-121.96,42,42,,N,121,58,,W,,28,FEB,1914,,Male,N,,"H. TELFORD, 136",N,SKIN AND SKULL,,N,9.44,16.32,4.02,2.30,2.21,36.38,2.11,6.41,387.00,165.00,42.00,,
FW02367,RODENTIA,MURIDAE,NEOTOMA,Cinerea,U.S.A.,OREGON,DESCHUTES CO,SISTERS,,,44.3000,121.55,44,18,,N,121,33,,W,,24,JUL,1914,,Female,N,,"S.G. JEWETT, 518",N,SKIN AND SKULL,,N,9.10,15.50,3.49,2.42,1.98,34.82,2.27,6.25,370.00,163.00,43.00,,
FW02369,RODENTIA,MURIDAE,NEOTOMA,Cinerea,U.S.A.,OREGON,SHERMAN CO,"MILLER, MOUTH OF DESCHUTES RIVER, EAST SIDE",,,45.6300,-120.88,45,38,,N,120,53,,W,,28,JUL,1914,,Male,N,,"A. WALKER, AW-152",N,SKIN AND SKULL,,N,9.31,12.17,3.35,2.41,2.03,30.23,2.18,6.04,320.00,137.00,42.00,,
FW02370,RODENTIA,MURIDAE,NEOTOMA,Cinerea,U.S.A.,OREGON,HARNEY CO,"CATLOW VALLEY, HOME CREEK RANCH",,,42.6800,-119.20,42,41,,N,119,12,,W,,,SEP,1913,,,N,,"S.G. JEWETT, SGJ-326",N,SKIN AND SKULL,,N,9.52,13.68,3.32,2.49,2.31,32.17,2.24,6.07,356.00,165.00,46.00,,
FW02379,RODENTIA,MURIDAE,NEOTOMA,Cinerea,U.S.A.,OREGON,JEFFERSON CO,HAY CREEK,,,44.6100,-120.93,44,37,,N,120,56,,W,,19,MAY,1915,,Male,N,,"A. WALKER, 265",N,SKIN AND SKULL,,N,9.45,11.38,3.19,2.60,1.91,,1.93,6.25,285.00,121.00,40.00,,
FW02404,RODENTIA,MURIDAE,NEOTOMA,Cinerea,U.S.A.,OREGON,SHERMAN CO,"MILLER, MOUTH OF DESCHUTES RIVER, EAST SIDE",,,45.6300,-120.88,45,38,,N,120,53,,W,,1,AUG,1914,,,N,,"A. WALKER, AW-168",N,SKIN ONLY,,N,,,,,,,,,,,,,
FW02410,RODENTIA,MURIDAE,NEOTOMA,Cinerea,U.S.A.,OREGON,JEFFERSON CO,HAY CREEK,,,44.6100,-120.93,44,37,,N,120,56,,W,,19,MAY,1915,,,N,,"A. WALKER, 268",N,SKIN ONLY,,N,,,,,,,,,,,,,
FW02417,RODENTIA,MURIDAE,NEOTOMA,Cinerea,U.S.A.,OREGON,DESCHUTES CO,"16 MI. E NORTH BEND, EAST FORK MILLICOMA",,,44.0600,-120.99,44,4,,N,120,59,,W,,24,MAY,1969,,Female,"PREGNANT, 3 FETUSES SIZE OF WALNUT",Ad ,"L. KUHN, -",N,SKIN AND SKULL,,N,10.33,15.07,3.97,2.69,2.61,35.63,2.47,6.93,370.00,170.00,42.00,,
FW02488,RODENTIA,MURIDAE,NEOTOMA,Cinerea,U.S.A.,OREGON,HARNEY CO,"9 MI. S, 2 MI. E BURNS",,,43.3500,-119.01,43,21,,N,119,1,,W,,27,NOV,1971,4500,Male,TESTIS 4 X 2 MM,Ad,"D. HINO, DWH-4",N,SKIN AND SKULL,,N,10.09,14.43,3.74,2.49,2.44,33.55,2.34,6.64,383.00,175.00,41.00,34.00,289.30
FW02750,RODENTIA,MURIDAE,NEOTOMA,Cinerea,U.S.A.,OREGON,DESCHUTES CO,"1 MI. E REDMOND, REDMOND AIR CENTER",,,44.2700,-121.15,44,16,,N,121,9,,W,,25,AUG,1973,3400,Male,N,Ad,"J. DUBE, JRD-1-73",N,SKIN AND SKULL,,N,9.67,15.16,3.93,2.74,2.48,34.80,2.42,6.48,390.00,155.00,39.00,35.00,350.00
FW02852,RODENTIA,MURIDAE,NEOTOMA,Cinerea,U.S.A.,OREGON,JEFFERSON CO,"1 MI. N, 3 MI. W CULVER",,,44.5300,-121.27,44,32,,N,121,16,,W,,12,OCT,1974,3000,Male,TESTIS 3 X 2 MM,Juv,"M. LALLY, MKL-74-3",N,SKIN AND SKULL,,N,9.45,13.01,3.62,2.39,2.00,31.66,2.30,6.38,320.00,126.00,38.00,29.00,137.00
FW02853,RODENTIA,MURIDAE,NEOTOMA,Cinerea,U.S.A.,OREGON,JEFFERSON CO,"1 MI. N, 3 MI. W CULVER",,,44.5300,-121.27,44,32,,N,121,16,,W,,12,OCT,1974,3000,Male,TESTIS 7 X 4 MM,Ad,"D. WEYERMANN, DLW-74-4",N,SKIN AND SKULL,,N,9.89,14.24,3.93,2.52,2.17,33.25,2.35,6.82,354.00,150.00,43.00,37.00,247.70
FW02912,RODENTIA,MURIDAE,NEOTOMA,Cinerea,U.S.A.,OREGON,DESCHUTES CO,9 MI. E BEND,,,44.0500,-121.12,44,3,,N,121,7,,W,,13,OCT,1974,3500,Female,"IMPLANTATION SITES: 1L, 1R",Ad,"G. JACKSON, GSJ-74-02",N,SKIN AND SKULL,,N,10.02,13.02,3.77,2.60,2.40,31.92,2.19,6.54,348.00,147.00,40.00,35.00,211.50
FW02926,RODENTIA,MURIDAE,NEOTOMA,Cinerea,U.S.A.,OREGON,DESCHUTES CO,"1 MI. N, 2 MI. W TERREBONNE, UPPER DESCHUTES CANYON",,,44.3500,121.21,44,21,,N,121,13,,W,,25,OCT,1975,3000,Female,N,Juv,"B. PRICE, -",B. VERTS,SKIN AND SKULL,,N,9.49,13.43,3.55,2.25,2.20,31.48,2.11,6.25,327.00,134.00,39.00,33.00,192.90
FW03176,RODENTIA,MURIDAE,NEOTOMA,Cinerea,U.S.A.,OREGON,DESCHUTES CO,"1 MI. S, 3 MI. W TERREBONNE",,,44.3500,-121.23,44,21,,N,121,14,,W,,26,SEP,1976,3400,Male,TESTIS 5 X 4 MM,Juv,R. DEERING,"B.J. VERTS, BJV-76-48",SKIN AND SKULL,,N,9.63,13.56,3.68,2.60,2.51,31.88,2.08,6.44,344.00,151.00,41.00,34.00,199.60
FW03177,RODENTIA,MURIDAE,NEOTOMA,Cinerea,U.S.A.,OREGON,DESCHUTES CO,3 MI. W TERREBONNE,,,44.3500,-121.23,44,21,,N,121,14,,W,,27,SEP,1976,3200,Female,"PLACENTAL SCARS: 2L, 1R",Ad,R. DEERING,"B.J. VERTS, BJV-76-49",SKIN AND SKULL,,N,9.51,14.66,3.63,2.60,2.20,34.14,2.27,6.60,336.00,127.00,42.00,33.00,259.50
FW03180,RODENTIA,MURIDAE,NEOTOMA,Cinerea,U.S.A.,OREGON,DESCHUTES CO,3 MI. W TERREBONNE,,,44.3500,-121.23,44,21,,N,121,14,,W,,2,OCT,1976,3400,Female,NULLIPAROUS,Juv,R. DEERING,"B.J. VERTS, BJV-76-50",SKIN AND SKULL,,N,9.44,14.18,3.51,2.39,2.33,32.31,1.98,6.17,351.00,155.00,40.00,34.00,207.90
FW03261,RODENTIA,MURIDAE,NEOTOMA,Cinerea,U.S.A.,OREGON,DESCHUTES CO,"1 MI. S, 2 MI. W TERREBONNE",,,44.3400,-121.29,44,20,,N,121,17,,W,,7,MAY,1977,3100,Female,N,Ad,R. DEERING,"B.J. VERTS, BJV-77-7",SKIN AND SKULL,,N,9.61,14.66,4.05,2.57,2.60,34.77,2.44,6.66,362.00,153.00,40.00,34.00,270.20
FW03533,RODENTIA,MURIDAE,NEOTOMA,Cinerea,U.S.A.,OREGON,WASCO CO,"1 MI. N, 6 MI. W WAMIC",,,45.2300,-121.37,45,14,,N,121,22,,W,,25,JUL,1978,,Male,N,Juv,"B. VERTS, BJV-78-14",N,SKIN AND SKULL,,N,9.74,10.67,3.46,2.45,2.27,,2.08,6.86,281.00,122.00,43.00,32.00,102.60
FW03534,RODENTIA,MURIDAE,NEOTOMA,Cinerea,U.S.A.,OREGON,WASCO CO,"1 MI. N, 6 MI. W WAMIC, BONNEY CROSSING CAMPGROUND",,,45.2300,-121.37,45,14,,N,121,22,,W,,25,JUL,1978,,Male,N,Juv,"B. VERTS, BJV-78-13",N,SKIN AND SKULL,,N,9.27,10.35,3.19,2.63,2.17,28.41,1.96,6.09,271.00,119.00,41.00,32.00,99.10
FW03845,RODENTIA,MURIDAE,NEOTOMA,Cinerea,U.S.A.,OREGON,GRANT CO,"1 MI. N, 10.5 MI. E LONG CREEK, T10S, R32E, SEC. 4, (KA",HLER BUTTE)KAHLER BUTTE,"T10S, R32E, SEC. 4",44.7300,-118.90,44,44,,N,118,54,,W,,20,JUL,1979,,Male,N,vJuv,"E. McMAHON, EEM-81",N,SKIN AND SKULL,,N,9.01,10.46,3.47,2.50,1.54,25.75,2.19,6.36,230.00,110.00,37.00,26.00,80.00
FW03851,RODENTIA,MURIDAE,NEOTOMA,Cinerea,U.S.A.,OREGON,WASCO CO,"6 MI. W WAMIC, T4S, R11E, SEC. 11, ROCK CREEK",,"T4S, R11E, SEC. 11",45.2400,-121.38,45,14,,N,121,23,,W,,25,JUL,1979,2500,Female,"PLACENTAL SCARS: 2L, 2R",Ad,"K. HUNDERTMARK, KJH-79-2",N,SKIN AND SKULL,,N,9.70,15.87,3.87,2.76,2.36,35.00,2.45,6.89,392.00,173.00,43.00,26.00,289.40
FW03852,RODENTIA,MURIDAE,NEOTOMA,Cinerea,U.S.A.,OREGON,WASCO CO,"6 MI. W WAMIC, T4S, R11E, SEC. 11, ROCK CREEK",,"T4S, R11E, SEC. 11",45.2400,-121.38,45,14,,N,121,23,,W,,25,JUL,1979,2500,Male,N,Ad,"K. HUNDERTMARK, KJH-79-1",N,SKIN AND SKULL,,N,9.67,14.65,3.55,2.38,2.06,33.43,2.27,6.24,396.00,175.00,49.00,31.00,268.60
FW03870,RODENTIA,MURIDAE,NEOTOMA,Cinerea,U.S.A.,OREGON,DESCHUTES CO,3 MI. W TERREBONNE,,,44.3500,-121.23,44,21,,N,121,14,,W,,12,SEP,1979,3000,Male,TESTIS 7 X 5 MM,Juv,K. HUNDERTMARK,"B. VERTS, X-18",SKIN AND SKULL,,N,9.78,15.74,3.41,2.45,1.99,35.00,2.26,6.47,382.00,165.00,44.00,37.00,301.60
FW03871,RODENTIA,MURIDAE,NEOTOMA,Cinerea,U.S.A.,OREGON,DESCHUTES CO,3 MI. W TERREBONNE,,,44.3500,-121.23,44,21,,N,121,14,,W,,12,SEP,1979,3000,Female,"PLACENTAL SCARS: 3L, 3R",Ad ,K. HUNDERTMARK,"B. VERTS, X-20",SKIN AND SKULL,,N,9.82,14.45,3.67,2.72,1.91,33.44,2.42,6.65,365.00,156.00,41.00,36.00,241.10
FW03872,RODENTIA,MURIDAE,NEOTOMA,Cinerea,U.S.A.,OREGON,DESCHUTES CO,4 MI. W TERREBONNE,,,44.3500,-121.23,44,21,,N,121,14,,W,,16,APR,1979,3000,Female,"PLACENTAL SCARS: 3L, 1R",Ad ,K. HUNDERTMARK,"L.N.T. CARRAWAY, X-24",SKIN AND SKULL,,N,10.05,14.90,3.61,2.47,2.27,32.44,2.39,6.21,370.00,151.00,43.00,33.00,301.20
FW04204,RODENTIA,MURIDAE,NEOTOMA,Cinerea,U.S.A.,OREGON,DESCHUTES CO,3 MI. W TERREBONNE,,,44.3500,-121.23,44,21,,N,121,14,,W,,6,OCT,1979,3000,Male,TESTIS 11 X 5 MM,Ad,B. VERTS,"D. HOGE, DPH-79-2",SKIN AND SKULL,,N,10.43,15.01,3.81,2.82,2.52,36.20,2.62,6.75,374.00,145.00,39.00,34.00,359.30
FW04205,RODENTIA,MURIDAE,NEOTOMA,Cinerea,U.S.A.,OREGON,DESCHUTES CO,3 MI. W TERREBONNE,,,44.3500,-121.23,44,21,,N,121,14,,W,,6,OCT,1979,3000,Male,TESTIS 6 X 4 MM,Ad,B. VERTS,"M. EVANS, MBE-79-2",SKIN AND SKULL,,N,10.03,13.66,3.76,2.70,2.09,32.11,2.43,6.87,356.00,150.00,40.00,31.00,252.60
FW04208,RODENTIA,MURIDAE,NEOTOMA,Cinerea,U.S.A.,OREGON,DESCHUTES CO,3 MI. W TERREBONNE,,,44.3500,-121.23,44,21,,N,121,14,,W,,6,OCT,1979,3000,Male,TESTIS 6 X 4 MM,Ad,B. VERTS,"M. FINK, MJF-79-2",SKIN AND SKULL,,N,9.85,13.22,3.71,2.32,2.19,32.55,2.24,6.43,,181.00,39.00,30.00,
FW04934,RODENTIA,MURIDAE,NEOTOMA,Cinerea,U.S.A.,OREGON,DESCHUTES CO,"4 MI. W TERREBONNE, T14S, R13E",,"T14S, R13E",44.3500,-121.35,44,21,,N,121,21,,W,,16,JUN,1980,,Female,N,Juv,S. GEHMAN,"B.J. VERTS, X-106",SKIN AND SKULL,,N,9.38,11.80,3.15,2.50,1.75,27.88,1.99,6.14,293.00,128.00,39.00,31.00,124.30
FW04935,RODENTIA,MURIDAE,NEOTOMA,Cinerea,U.S.A.,OREGON,DESCHUTES CO,"4 MI. W TERREBONNE, T14S, R13E",,"T14S, R13E",44.3500,-121.23,44,21,,N,121,14,,W,,16,JUN,1980,,Male,N,Juv,S. GEHMAN,"B.J. VERTS, X-108",SKIN AND SKULL,,N,9.08,12.02,3.34,2.27,1.85,29.17,2.09,5.77,297.00,127.00,41.00,33.00,138.20
FW05148,RODENTIA,MURIDAE,NEOTOMA,Cinerea,U.S.A.,OREGON,DESCHUTES CO,4 MI. W TERREBONNE,,,44.3500,-121.25,44,21,,N,121,15,,W,,11,OCT,1980,3000,Male,N,Ad,B.J. VERTS,"D. ALLARD, DA-80-2",SKIN AND SKULL,,N,9.79,13.80,3.46,2.40,2.26,31.13,2.08,6.13,356.00,148.00,23.00,37.00,187.10
FW05494,RODENTIA,MURIDAE,NEOTOMA,Cinerea,U.S.A.,OREGON,DESCHUTES CO,"4 MI. W TERREBONNE, COTTONTAIL LANE",,,44.3500,-121.23,44,21,,N,121,14,,W,,17,OCT,1981,3000,Male,TESTIS 5 MM,Ad,B. VERTS,"V. MIZNER, VM-81-2",SKIN AND SKULL,,N,9.55,14.21,3.20,2.47,2.12,33.34,2.30,6.15,370.00,160.00,43.00,39.00,212.10
FW05510,RODENTIA,MURIDAE,NEOTOMA,Cinerea,U.S.A.,OREGON,DESCHUTES CO,4 MI. W TERREBONNE,,,44.3500,-121.25,44,21,,N,121,15,,W,,17,OCT,1981,2500,Female,NULLIPAROUS,Juv,B. VERTS,"P.F. LUCAS, PFL-02",SKIN AND SKULL,,N,9.54,12.81,3.62,2.42,1.97,31.75,2.33,6.31,325.00,140.00,35.00,34.00,159.50
FW05517,RODENTIA,MURIDAE,NEOTOMA,Cinerea,U.S.A.,OREGON,DESCHUTES CO,4 MI. W TERREBONNE,,,44.3500,-121.25,44,21,,N,121,15,,W,,17,OCT,1981,3000,Male,TESTIS 5 X 3 MM,Juv,B. VERTS,"R. WEIDMAN, RW-003",SKIN AND SKULL,,N,9.35,14.40,3.49,2.47,2.01,33.26,2.26,5.97,345.00,148.00,41.00,34.00,252.40
FW05540,RODENTIA,MURIDAE,NEOTOMA,Cinerea,U.S.A.,OREGON,DESCHUTES CO,4 MI. W TERREBONNE,,,44.3500,-121.25,44,21,,N,121,15,,W,,26,JUN,1981,,Female,"PLACENTAL SCARS: 3L, 4R",Ad,S. GEHMAN,"B.J. VERTS, X-127",SKIN AND SKULL,,N,9.51,15.07,3.42,2.58,2.06,35.08,2.36,6.44,381.00,166.00,40.00,34.00,208.10
FW05541,RODENTIA,MURIDAE,NEOTOMA,Cinerea,U.S.A.,OREGON,DESCHUTES CO,4 MI. W TERREBONNE,,,44.3500,-121.25,44,21,,N,121,15,,W,,7,MAY,1981,,Male,TESTIS 3 X 2 MM,Ad,S. GEHMAN,"B.J. VERTS, X-128",SKIN AND SKULL,,N,9.67,12.56,3.45,2.55,2.13,30.08,2.20,6.11,324.00,139.00,41.00,32.00,154.10
FW06368,RODENTIA,MURIDAE,NEOTOMA,Cinerea,U.S.A.,OREGON,DESCHUTES CO,3 MI. W TERREBONNE,,,44.3500,-121.23,44,21,,N,121,14,,W,,13,MAY,1981,3000,Male,TESTIS 5 X 3 MM,Juv,"S. GEHMAN, SDG-81-58",N,SKIN AND SKULL,,N,9.05,10.65,3.34,2.45,1.99,26.97,2.15,6.31,251.00,102.00,35.00,25.00,87.30
FW06374,RODENTIA,MURIDAE,NEOTOMA,Cinerea,U.S.A.,OREGON,HARNEY CO,"STEENS MOUNTAIN, T33S, R33E, SEC. 2",,,42.7000,-118.58,42,42,,N,118,35,,W,,14,JUL,1954,8400,Male,N,,"C.G. AND P.A. HANSEN, CGH/PAH-483",N,SKIN AND SKULL,,N,9.75,14.17,3.37,2.58,2.30,,2.07,6.30,390.00,175.00,47.00,32.00,
FW06380,RODENTIA,MURIDAE,NEOTOMA,Cinerea,U.S.A.,OREGON,HARNEY CO,"STEENS MOUNTAIN, T33S, R34E, SEC. 3",,,42.7000,-118.48,42,42,,N,118,29,,W,,31,AUG,1954,5000,Male,N,Ad,"C.G. AND P.A. HANSEN, CGH/PAH-553",N,SKIN AND SKULL,,N,8.29,10.71,3.37,2.24,1.83,28.25,2.09,5.89,394.00,175.00,45.00,35.00,
FW06381,RODENTIA,MURIDAE,NEOTOMA,Cinerea,U.S.A.,OREGON,KLAMATH CO,"CRATER LAKE NATIONAL PARK, SUPERINTENDENT'S HOUSE",,,42.9000,-122.15,42,54,,N,122,9,,W,,10,JUL,1947,0,Female,4 EMBRYOS,,"O.L. WALLIS, 470710-1",N,SKIN AND SKULL,,N,9.28,14.59,3.58,2.46,2.37,33.37,2.40,6.27,365.50,163.50,43.00,31.00,
FW06383,RODENTIA,MURIDAE,NEOTOMA,Cinerea,U.S.A.,OREGON,DESCHUTES CO,LOWER BRIDGE,,,44.3500,-121.28,44,21,,N,121,17,,W,,4,MAY,1962,,Female,N,,"M. NAIL, MN-29",N,SKIN AND SKULL,,N,9.92,13.69,3.77,2.38,2.05,31.56,2.23,6.72,380.00,160.00,43.00,26.00,234.00
FW06456,RODENTIA,MURIDAE,NEOTOMA,Cinerea,U.S.A.,OREGON,DESCHUTES CO,3 MI. W TERREBONNE,,,44.3500,-121.23,44,21,,N,121,14,,W,,7,MAY,1981,3000,Male,N,Juv,"S. GEHMAN, SDG-81-57",N,SKIN AND SKULL,,N,9.42,11.35,3.45,2.53,1.99,28.15,1.99,6.27,287.00,116.00,35.00,31.00,118.40
FW06534,RODENTIA,MURIDAE,NEOTOMA,Cinerea,U.S.A.,OREGON,DESCHUTES CO,"TUMALO CREEK, BEND",,,44.0600,-121.30,44,4,,N,121,18,,W,,6,MAY,1925,3852,Female,N,,"A. WALKER, AW-448",N,SKIN AND SKULL,,ALEX WALKER 848,9.73,14.21,3.48,2.28,2.02,32.33,2.39,6.07,340.00,143.00,39.00,,
FW06535,RODENTIA,MURIDAE,NEOTOMA,Cinerea,U.S.A.,OREGON,LAKE CO,"14 MI. SW ADEL, WARNER MOUNTAINS, BARLEY CAMP, T41S, R2","1E, EAST EDGE SEC. 8WARNER MOUNTAINS",,42.0300,-120.26,42,2,,N,120,16,,W,,13,JUL,1930,0,Male,N,,"R.R. WALKER, RRW-834",N,SKIN AND SKULL,,ALEX WALKER 849,10.16,14.15,3.59,2.43,2.13,31.01,2.19,6.45,370.00,154.00,45.00,,
FW06536,RODENTIA,MURIDAE,NEOTOMA,Cinerea,U.S.A.,OREGON,LAKE CO,"14 MI. SW ADEL, WARNER MOUNTAINS, BARLEY CAMP, T41S, R2","1E, EAST EDGE SEC. 8WARNER MOUNTAINS",,42.0300,-120.26,42,2,,N,120,16,,W,,14,JUL,1930,0,Female,N,,"R.R. WALKER, RRW-835",N,SKIN AND SKULL,,ALEX WALKER 850,9.42,14.20,3.18,2.47,2.14,32.55,2.05,6.14,368.00,156.00,42.00,,
FW06865,RODENTIA,MURIDAE,NEOTOMA,Cinerea,U.S.A.,OREGON,HARNEY CO,"3.25 MI. S, 8.5 MI. E FRENCHGLEN",,"T32S, R32 3/4 E, SEC. 20",42.7800,-118.73,42,47,,N,118,44,,W,,30,JUN,1982,,Female,NULLIPAROUS,Juv,B.J. VERTS AND L.N.T. CARRAWAY,"B.J. VERTS, MM-28",SKIN AND SKULL,,N,9.72,11.54,3.78,2.42,1.82,29.10,1.94,6.44,293.00,121.00,40.00,32.00,129.50
FW06879,RODENTIA,MURIDAE,NEOTOMA,Cinerea,U.S.A.,OREGON,HARNEY CO,"12 MI. S, 5 MI. E FIELDS, RED POINT SCHOOLHOUSE",,"T40S, R35E, SEC. 23",42.1000,-118.58,42,6,,N,118,35,,W,,28,JUN,1982,,Female,NULLIPAROUS,Juv,B.J. VERTS AND L.N.T. CARRAWAY,"B.J. VERTS, MM-20",SKIN AND SKULL,,N,9.64,12.39,3.52,2.47,2.13,31.53,2.14,6.43,349.00,148.00,41.00,37.00,195.60
FW07069,RODENTIA,MURIDAE,NEOTOMA,Cinerea,U.S.A.,OREGON,DESCHUTES,"1 MI. S, 2 MI. W TERREBONNE",,,44.3461,-121.18,,,,,,,,,,30,SEP,1982,,Female,NULLIPAROUS,Juv,L.N.T. CARRAWAY & B.J. VERTS,"B.J. VERTS, BJV-37",SKIN AND SKULL,,,9.96,13.77,3.71,2.18,1.93,32.65,2.14,6.51,338.00,148.00,40.00,32.00,152.20
FW07113,RODENTIA,MURIDAE,NEOTOMA,Cinerea,U.S.A.,OREGON,DESCHUTES CO,"1 MI. S., 3 MI. W TERREBONNE",,,44.3500,-121.25,44,21,,N,121,15,,W,,9,OCT,1982,3100,Male,,Juv,B.J. VERTS & L.N. CARRAWAY,"D. DESMOND, DBD-003",,,,9.54,12.90,3.58,2.44,1.76,30.89,2.12,6.25,330.00,130.00,35.00,28.00,146.00
FW07395,RODENTIA,MURIDAE,NEOTOMA,Cinerea,U.S.A.,OREGON,DESCHUTES CO,"1 MI. S, 4 MI. W TERREBONNE",,"T14S, R13E, SEC. 18",44.3500,-121.26,44,21,,N,121,16,,W,,25,SEP,1984,3100,Male,TESTIS 5 X 4 MM,Juv,B.J. VERTS & L.N. CARRAWAY,"B.J. VERTS, BJV84-1",,,,9.55,12.53,3.48,2.47,2.16,29.07,2.22,6.20,318.00,135.00,37.00,34.00,176.00
FW07539,RODENTIA,MURIDAE,NEOTOMA,Cinerea,U.S.A.,OREGON,DESCHUTES,"1 MI. S, 6 MI. W TERREBONNE",,,44.3400,-121.05,44,20,24,N,121,3,0,W,SAGEBRUSH AND JUNIPER SHRUB,8,OCT,1983,3100,Female,NULLIPAROUS,Juv,B.J. VERTS AND L.N. CARRAWAY,"G. MILLER, GPM83-2",,,,9.57,12.45,3.51,2.40,1.77,29.43,2.20,6.08,332.00,145.00,37.00,31.00,169.50
RCT 530,RODENTIA,MURIDAE,NEOTOMA,Cinerea,U.S.A.,OREGON,LAKE CO,,,,43.2478,-121.02,,,,,,,,,,8,14,2023,,Male,,Ad,,,SKULL AND SKELETON,,,9.32,15.82,3.82,2.51,2.31,35.13,2.42,6.59,370.00,161.00,41.00,33.00,350.00
RCT 531,RODENTIA,MURIDAE,NEOTOMA,Cinerea,U.S.A.,OREGON,LAKE CO,,,,43.2478,-121.02,,,,,,,,,,8,14,2023,,Female,,Ad,,,SKULL AND SKELETON,,,9.84,13.74,3.71,2.48,2.22,33.50,2.44,6.68,340.00,141.00,39.00,30.00,270.00
RCT 537,RODENTIA,MURIDAE,NEOTOMA,Cinerea,U.S.A.,OREGON,LAKE CO,,,,43.2484,-121.02,,,,,,,,,,8,14,2023,,Female,,Ad,,,SKULL AND SKELETON,,,9.98,14.20,3.75,2.53,2.41,33.63,2.48,6.75,352.00,149.00,40.00,33.00,275.00
RCT 700,RODENTIA,MURIDAE,NEOTOMA,Cinerea,U.S.A.,OREGON,LAKE CO,,,,43.2469,-121.02,,,,,,,,,,6,29,2024,,Female,,Ad,,,SKULL AND SKELETON,,,9.68,14.05,4.10,2.55,2.20,33.57,2.36,6.91,344.00,154.00,40.00,35.00,243.00
RCT 701,RODENTIA,MURIDAE,NEOTOMA,Cinerea,U.S.A.,OREGON,LAKE CO,,,,43.2469,-121.02,,,,,,,,,,6,29,2024,,Male,,Ad,,,SKULL AND SKELETON,Yes,,10.09,12.69,3.55,2.35,2.22,31.22,1.99,6.43,356.00,138.00,40.00,33.00,205.00
RCT 702,RODENTIA,MURIDAE,NEOTOMA,Cinerea,U.S.A.,OREGON,LAKE CO,,,,43.2478,-121.02,,,,,,,,,,6,29,2024,,Male,,Juv,,,SKULL AND SKELETON,Yes,,10.05,11.64,3.36,2.42,2.04,28.52,2.06,6.53,295.00,127.00,38.00,33.00,137.00
RCT 703,RODENTIA,MURIDAE,NEOTOMA,Cinerea,U.S.A.,OREGON,LAKE CO,,,,43.2478,-121.02,,,,,,,,,,6,29,2024,,Male,,Ad,,,SKULL AND SKELETON,,,9.79,15.54,3.76,2.51,2.44,34.63,2.44,6.69,381.00,162.00,41.00,35.00,355.00
RCT 704,RODENTIA,MURIDAE,NEOTOMA,Cinerea,U.S.A.,OREGON,LAKE CO,,,,43.2478,-121.02,,,,,,,,,,6,29,2024,,Female,,Ad,,,SKULL AND SKELETON,Yes,,9.39,12.76,3.58,2.32,2.17,30.91,2.02,6.16,300.00,129.00,39.00,35.00,189.00
RCT 705,RODENTIA,MURIDAE,NEOTOMA,Cinerea,U.S.A.,OREGON,LAKE CO,,,,43.2478,-121.02,,,,,,,,,,6,29,2024,,,,Ad,,,SKULL AND SKELETON,Yes,,9.38,12.67,3.50,2.25,1.91,30.76,1.99,6.15,302.00,129.00,39.00,34.00,185.00
RCT 714,RODENTIA,MURIDAE,NEOTOMA,Cinerea,U.S.A.,OREGON,LAKE CO,,,,43.2484,-121.02,,,,,,,,,,6,29,2024,,Female,,Ad,,,SKULL AND SKELETON,Yes,,9.15,12.27,3.60,2.52,1.98,29.48,1.90,6.36,235.00,123.00,38.00,30.00,147.00
RCT 721,RODENTIA,MURIDAE,NEOTOMA,Cinerea,U.S.A.,OREGON,LAKE CO,,,,43.2484,-121.02,,,,,,,,,,6,29,2024,,Male,,Ad,,,SKULL AND SKELETON,,,10.24,14.02,3.84,2.51,2.31,32.21,1.98,6.67,350.00,153.00,41.00,32.00,238.00
FW00019,RODENTIA,MURIDAE,NEOTOMA,Fuscipes,U.S.A.,OREGON,KLAMATH CO,"8 MI. NW KLAMATH FALLS, GEARY RANCH",,,42.2300,-121.88,42,14,,N,121,53,,W,,16,MAR,1961,,Female,N,Ad,"E. HANSEN, -",N,SKIN AND SKULL,,N,9.42,12.74,3.61,2.42,1.94,31.45,2.32,6.46,405.00,204.00,39.00,29.00,192.00
FW00180,RODENTIA,MURIDAE,NEOTOMA,Fuscipes,U.S.A.,OREGON,BENTON CO,"MCDONALD FOREST, JUNCTION OF SCHNEDER & NETTLETON RDS.",,,44.6515,-123.26,0,0,,N,0,0,,W,,24,SEP,1967,,Male,N,Ad,"B. J. VERTS, BJV-3-ORE",N,SKIN AND SKULL,,N,9.62,14.75,3.66,2.81,2.16,33.94,2.31,6.59,444.00,222.00,41.00,34.00,234.50
FW00289,RODENTIA,MURIDAE,NEOTOMA,Fuscipes,U.S.A.,OREGON,BENTON CO,"7 MI. N CORVALLIS, E.E. WILSON GAME MGMT. AREA",,,44.6800,-123.21,44,41,,N,123,13,,W,,29,OCT,1968,,Male,N,Ad,"D. TRETHEWEY, -",N,SKIN AND SKULL,,N,9.49,14.44,3.42,2.50,2.12,35.02,2.18,5.96,407.00,184.00,39.00,32.00,245.70
FW00837,RODENTIA,MURIDAE,NEOTOMA,Fuscipes,U.S.A.,OREGON,BENTON CO,2 MI. N CORVALLIS,,,44.5800,-123.25,44,35,,N,123,15,,W,,25,JUL,1970,,Male,N,vJuv,"S. LUDWIG, -",N,SKIN AND SKULL,,N,8.57,9.89,3.27,2.29,1.33,25.51,1.72,6.20,264.00,125.00,29.00,25.00,45.40
FW01486,RODENTIA,MURIDAE,NEOTOMA,Fuscipes,U.S.A.,OREGON,BENTON CO,"3 MI. N OF CORVALLIS, VILLAGE GREEN AREA",,,44.6000,-123.26,44,36,,N,123,16,,W,,8,OCT,1970,,Male,N,Juv,"T.N. WILLIAMS, 1",N,SKIN AND SKULL,,N,9.59,11.61,3.14,2.64,2.01,29.44,1.99,6.20,350.00,170.00,31.00,29.00,151.00
FW01487,RODENTIA,MURIDAE,NEOTOMA,Fuscipes,U.S.A.,OREGON,BENTON CO,0.5 MI. N CORVALLIS,,,44.5700,-123.26,44,34,,N,123,16,,W,,7,OCT,1970,,Female,N,Ad,"S. LUDWIG, SAL 1",N,SKIN AND SKULL,,N,9.30,15.29,3.80,2.45,2.21,35.55,2.51,6.40,444.00,238.00,40.00,30.00,272.90
FW01488,RODENTIA,MURIDAE,NEOTOMA,Fuscipes,U.S.A.,OREGON,BENTON CO,"0.25 MI. N WITHAM HILL ROAD, CORVALLIS",,,44.5600,-123.26,44,34,,N,123,16,,W,,16,OCT,1970,,Female,N,Ad,"A.M. ANDERSON, 5",N,SKIN AND SKULL,,N,9.63,13.63,3.55,2.79,2.10,33.56,2.21,6.34,384.00,190.00,39.00,29.00,174.90
FW01501,RODENTIA,MURIDAE,NEOTOMA,Fuscipes,U.S.A.,OREGON,BENTON CO,2 MI. N CORVALLIS,,,44.5800,-123.25,44,35,,N,123,15,,W,,1,OCT,1970,,Female,N,Ad,"D.F. CARR, 3",N,SKIN AND SKULL,,N,9.64,14.61,3.98,2.28,2.41,34.95,2.48,6.74,441.00,221.00,42.00,37.00,227.00
FW01502,RODENTIA,MURIDAE,NEOTOMA,Fuscipes,U.S.A.,OREGON,BENTON CO,2 MI. N CORVALLIS,,,44.5800,-123.25,44,35,,N,123,15,,W,,1,OCT,1970,,Female,N,Ad,"D.F. CARR, 2",N,SKIN AND SKULL,,N,9.59,12.67,3.27,2.56,2.21,32.12,2.07,6.16,412.00,208.00,41.00,34.00,188.40
FW01505,RODENTIA,MURIDAE,NEOTOMA,Fuscipes,U.S.A.,OREGON,BENTON CO,"1 MI. N, 0.5 MI. W CORVALLIS",,,44.5800,-123.27,44,35,,N,123,16,,W,,12,NOV,1970,,Male,N,Ad,"D. FRASER, 2",N,SKIN AND SKULL,,N,8.91,14.57,3.29,2.38,2.12,33.56,2.22,5.94,398.00,190.00,32.00,19.00,
FW01566,RODENTIA,MURIDAE,NEOTOMA,Fuscipes,U.S.A.,OREGON,LINN CO,"2 MI. N, 1 MI. E SCIO",,,44.7200,-122.84,44,43,,N,122,50,,W,,2,NOV,1971,500,Female,N,Ad,"T. BOON, TB 4",N,SKIN AND SKULL,,N,9.12,13.00,3.30,2.45,1.90,32.26,2.03,6.02,367.00,178.00,30.00,11.00,159.00
FW01587,RODENTIA,MURIDAE,NEOTOMA,Fuscipes,U.S.A.,OREGON,CLACKAMAS CO,"8 MI. S, 1 MI. W MOLALLA",,,45.0400,-122.58,45,2,,N,122,35,,W,,28,NOV,1971,1000,Female,N,Ad,"T. SOWA, TAS 3",N,SKIN AND SKULL,,N,8.82,13.19,3.42,2.37,1.88,31.30,2.02,5.98,380.00,191.00,42.00,39.00,208.00
FW01603,RODENTIA,MURIDAE,NEOTOMA,Fuscipes,U.S.A.,OREGON,BENTON CO,2 MI. W CORVALLIS,,,44.5600,-123.29,44,34,,N,123,17,,W,,7,OCT,1971,220,Male,N,Ad,"R. LAYTON, RJL 4",N,SKIN AND SKULL,,N,9.00,12.31,3.19,2.37,1.82,31.07,2.03,5.92,360.00,176.00,40.00,29.00,152.80
FW02266,RODENTIA,MURIDAE,NEOTOMA,Fuscipes,U.S.A.,OREGON,BENTON CO,"1 MI. S, 1 MI. W MONROE",,,44.2900,-123.32,44,17,,N,123,19,,W,,24,NOV,1972,320,Male,TESTIS 6 X 10MM,Ad,"D.C. WOLVERTON, DCW-724",N,SKIN AND SKULL,,N,9.96,15.12,3.68,2.53,2.33,,2.37,6.55,420.00,210.00,44.00,35.00,312.00
FW02373,RODENTIA,MURIDAE,NEOTOMA,Fuscipes,U.S.A.,OREGON,DOUGLAS CO,"7 MI. NE ROSEBURG, SHORT'S RANCH",,,43.2200,-123.33,43,18,,N,123,16,,W,,3,JAN,1914,,Male,N,,"S.G. JEWETT, SGJ-373",N,SKIN AND SKULL,,N,9.22,14.51,3.52,2.50,2.34,34.79,2.34,6.42,,,,,
FW02374,RODENTIA,MURIDAE,NEOTOMA,Fuscipes,U.S.A.,OREGON,JACKSON CO,GOLD HILL,,,42.4300,-123.05,42,26,,N,123,3,,W,,22,MAR,1916,,Female,N,,"S.G. JEWETT, 687",N,SKIN AND SKULL,,N,9.36,14.55,3.47,2.04,2.06,33.27,2.19,6.06,387.00,202.00,41.00,,
FW02375,RODENTIA,MURIDAE,NEOTOMA,Fuscipes,U.S.A.,OREGON,JACKSON CO,GOLD HILL,,,42.4300,-123.05,42,26,,N,123,3,,W,,22,MAR,1916,,Female,N,,"S.G. JEWETT, 689",N,SKIN AND SKULL,,N,8.65,14.69,3.30,2.42,2.29,33.69,2.50,6.15,445.00,222.00,42.00,,
FW02376,RODENTIA,MURIDAE,NEOTOMA,Fuscipes,U.S.A.,OREGON,DOUGLAS CO,"7 MI. NE ROSEBURG, SHORT'S RANCH",,,43.3000,-123.27,43,18,,N,123,16,,W,,3,JAN,1914,,Male,N,,"H. TELFORD, 54",N,SKIN AND SKULL,,N,9.18,15.45,3.55,2.42,2.35,35.36,2.35,6.35,457.00,222.00,41.00,,
FW02377,RODENTIA,MURIDAE,NEOTOMA,Fuscipes,U.S.A.,OREGON,BENTON CO,CORVALLIS,,,44.5600,-123.26,44,34,,N,123,16,,W,,,,1913,,,N,,"S.G. JEWETT, 555",N,SKIN AND SKULL,,N,8.93,12.65,3.55,2.63,1.95,31.79,1.96,6.33,413.00,199.00,41.00,,
FW02378,RODENTIA,MURIDAE,NEOTOMA,Fuscipes,U.S.A.,OREGON,DOUGLAS CO,"7 MI. NE ROSEBURG, SHORT'S RANCH",,,43.3000,-123.27,43,18,,N,123,16,,W,,3,JAN,1914,,Male,N,,"H. TELFORD, 53",N,SKIN AND SKULL,,N,9.39,13.57,3.38,2.36,2.22,32.42,2.27,6.15,435.00,227.00,43.00,,
FW02380,RODENTIA,MURIDAE,NEOTOMA,Fuscipes,U.S.A.,OREGON,DOUGLAS CO,"7 MI. NE ROSEBURG, SHORT'S RANCH",,,43.3000,-123.27,43,18,,N,123,16,,W,,3,JAN,1914,,Male,N,,"S.G. JEWETT, SGJ-372",N,SKIN AND SKULL,,N,9.46,14.34,3.53,2.36,2.43,34.19,2.51,6.64,433.00,215.00,43.00,,
FW02381,RODENTIA,MURIDAE,NEOTOMA,Fuscipes,U.S.A.,OREGON,JACKSON CO,"12 MI. S, 0.5 MI. E ASHLAND",,,42.0200,-122.70,42,1,,N,122,42,,W,,10,OCT,1970,,Female,N,,"M. HENDRIE, 2",N,SKIN AND SKULL,,N,9.91,12.52,3.49,2.84,2.33,30.89,2.09,6.22,374.00,200.00,41.00,29.00,
FW02382,RODENTIA,MURIDAE,NEOTOMA,Fuscipes,U.S.A.,OREGON,BENTON CO,1 MI. N CORVALLIS,,,44.5700,-123.26,44,34,,N,123,16,,W,,20,NOV,1970,,Male,N,,"R. ARBEITER, 4",N,SKIN AND SKULL,,N,9.49,13.95,3.19,2.47,2.08,33.03,2.27,6.10,430.00,222.00,39.00,32.00,247.20
FW02395,RODENTIA,MURIDAE,NEOTOMA,Fuscipes,U.S.A.,OREGON,BENTON CO,"0.25 MI. W WITHAM HILL ROAD, CORVALLIS",,,44.5700,-123.26,44,34,,N,123,16,,W,,28,NOV,1970,,Female,N,Ad,"M. DE BOLT, 8",N,SKIN AND SKULL,,N,8.97,13.71,3.25,2.20,2.31,31.53,2.22,5.97,388.00,185.00,35.00,27.00,
FW02396,RODENTIA,MURIDAE,NEOTOMA,Fuscipes,U.S.A.,OREGON,BENTON CO,1 MI. N CORVALLIS,,,44.5600,-123.26,44,34,,N,123,16,,W,,14,OCT,1970,,Female,N,Ad,"J.C. WARD, 12",N,SKIN AND SKULL,,N,9.91,12.98,3.60,2.34,2.30,32.73,2.23,6.36,415.00,218.00,40.00,31.00,336.00
FW02397,RODENTIA,MURIDAE,NEOTOMA,Fuscipes,U.S.A.,OREGON,BENTON CO,"0.25 MI. W WITHAM HILL ROAD, CORVALLIS",,,44.5600,-123.26,44,34,,N,123,16,,W,,27,NOV,1970,,Female,N,Ad,"M. DE BOLT, 7",N,SKIN AND SKULL,,N,9.61,14.17,3.46,2.54,2.26,33.39,2.29,6.29,405.00,205.00,44.00,30.00,
FW02398,RODENTIA,MURIDAE,NEOTOMA,Fuscipes,U.S.A.,OREGON,BENTON CO,"5 MI. N CORVALLIS, 400 YARDS E OF HIGHWAY 99W",,,44.6300,-123.23,44,38,,N,123,14,,W,,10,OCT,1970,200,Female,N,Ad,"R. JAMESON, RJJ-1",N,SKIN AND SKULL,,N,9.64,13.79,3.65,2.74,2.36,32.12,2.42,6.73,402.00,212.00,33.00,32.00,183.50
FW02400,RODENTIA,MURIDAE,NEOTOMA,Fuscipes,U.S.A.,OREGON,MARION CO,"5 MI. N, 2.5 MI. E STAYTON",,,44.8700,-122.75,44,52,,N,122,45,,W,,29,NOV,1970,,Male,N,Ad,"R. BEITEL, RJB-3",N,SKIN AND SKULL,,N,9.55,15.55,3.65,2.50,2.31,35.26,2.30,6.55,425.00,195.00,42.00,33.00,170.40
FW02477,RODENTIA,MURIDAE,NEOTOMA,Fuscipes,U.S.A.,OREGON,BENTON CO,"8 MI. S, 8 MI. W CORVALLIS",,,44.4500,-123.43,44,27,,N,123,26,,W,,29,NOV,1971,1000,Male,N,Ad,"F. O HARE, 8",N,SKIN AND SKULL,,N,9.63,13.77,3.65,2.37,2.26,33.85,2.33,6.44,406.00,203.00,41.00,33.00,283.00
FW02479,RODENTIA,MURIDAE,NEOTOMA,Fuscipes,U.S.A.,OREGON,BENTON CO,"1 MI. S, 3 MI. W GREENBERRY",,,44.4400,-123.22,44,26,,N,123,13,,W,,9,OCT,1971,1100,Male,N,Ad,"R. GEBHARDT, RG-1",N,SKIN AND SKULL,,N,9.42,13.16,3.44,2.39,2.08,32.81,1.94,6.27,359.00,152.00,41.10,31.80,205.00
FW02480,RODENTIA,MURIDAE,NEOTOMA,Fuscipes,U.S.A.,OREGON,KLAMATH CO,"17 MI. N, 15 MI. W KLAMATH FALLS",,,42.4900,-122.08,42,29,,N,122,5,,W,,29,SEP,1971,,Male,N,Ad ,"J.P. HOPPE, JPH-3",N,SKIN AND SKULL,,N,9.49,14.76,3.88,2.52,2.33,35.47,2.44,6.57,470.00,226.00,42.00,29.00,308.00
FW02486,RODENTIA,MURIDAE,NEOTOMA,Fuscipes,U.S.A.,OREGON,CLACKAMAS CO,"0.25 MI. S, 0.5 MI. E SUNNYSIDE",,,45.4400,-122.53,45,26,,N,122,32,,W,,17,NOV,1971,159,Female,N,Ad,"R.L. BARNETT, RLB-2",N,SKIN AND SKULL,,N,9.81,14.55,3.78,2.54,2.24,34.13,2.40,6.61,475.00,220.00,40.00,35.00,302.00
FW02492,RODENTIA,MURIDAE,NEOTOMA,Fuscipes,U.S.A.,OREGON,BENTON CO,0.5 MI. S CORVALLIS,,,44.5600,-123.26,44,34,,N,123,16,,W,,13,OCT,1971,237,Female,NULLIPAROUS,Ad,"C. BURNS, CAB-3",N,SKIN AND SKULL,,N,9.34,13.28,3.45,2.48,2.19,32.69,2.16,6.21,355.00,139.00,31.00,30.00,195.00
FW02509,RODENTIA,MURIDAE,NEOTOMA,Fuscipes,U.S.A.,OREGON,JACKSON CO,"12 MI. S, 0.5 MI. E ASHLAND ON INTERSTATE 5 HIGHWAY",,,42.0300,-122.71,42,2,,N,122,43,,W,,10,OCT,1970,,Female,N,Ad,"G.W. HADDEN, GWH-2",N,SKIN AND SKULL,,N,9.39,13.48,3.61,2.75,2.27,32.72,2.27,6.60,395.00,185.00,41.00,32.00,223.00
FW02661,RODENTIA,MURIDAE,NEOTOMA,Fuscipes,U.S.A.,OREGON,POLK CO,"2 MI. S, 1 MI. W MONMOUTH",,,44.8200,-123.16,44,49,,N,123,10,,W,,26,NOV,1973,172,Male,TESTIS 9 X 4.5 MM,Ad,"J. WARREN, JAW-7309",N,SKIN AND SKULL,,N,9.56,15.14,3.76,2.42,2.57,35.59,2.49,6.57,376.00,186.00,37.00,26.00,317.40
FW02687,RODENTIA,MURIDAE,NEOTOMA,Fuscipes,U.S.A.,OREGON,KLAMATH CO,"7 MI. E MALIN, MALONE CAMPGROUND",,,42.0200,-121.27,42,1,,N,121,16,,W,,14,OCT,1973,4100,Male,N,Ad,"K. PREVETTE, KWP-3-73",N,SKIN AND SKULL,,N,9.02,11.39,3.51,2.62,1.85,29.86,2.13,6.55,372.00,158.00,40.00,52.00,223.50
FW02712,RODENTIA,MURIDAE,NEOTOMA,Fuscipes,U.S.A.,OREGON,BENTON CO,"1 MI. N, 0.5 MI. E CORVALLIS",,,44.5700,-123.23,44,34,,N,123,14,,W,,23,NOV,1973,240,Male,TESTIS 9 X 7 MM,Ad,"J. LEAFGREN, JL-545",N,SKIN AND SKULL,,N,9.19,12.50,3.30,2.48,2.05,31.46,2.23,6.00,412.00,116.00,34.00,31.00,341.30
FW02851,RODENTIA,MURIDAE,NEOTOMA,Fuscipes,U.S.A.,OREGON,LANE CO,"2 MI. N, 0.5 MI. E LONDON SPRINGS",,,43.6500,-123.08,43,39,,N,123,5,,W,,2,NOV,1974,850,Male,TESTIS 11 X 6 MM,Ad ,"L. GOODMAN, 74-02",N,SKIN AND SKULL,,N,9.40,14.36,3.25,2.56,2.28,33.77,2.17,6.06,457.00,238.00,43.00,33.00,304.50
FW02892,RODENTIA,MURIDAE,NEOTOMA,Fuscipes,U.S.A.,OREGON,BENTON CO,"10 MI. S, 0.5 MI. W CORVALLIS",,,44.4200,-123.25,44,25,,N,123,15,,W,,3,DEC,1974,500,Male,TESTIS 13 X 5 MM,Ad,"G. COSPER, GC-74-2",N,SKIN AND SKULL,,N,9.29,15.67,4.04,2.42,2.25,36.95,2.26,6.59,447.00,213.00,38.00,32.00,328.40
FW02901,RODENTIA,MURIDAE,NEOTOMA,Fuscipes,U.S.A.,OREGON,JACKSON CO,"1 MI. N, 4 MI. E ASHLAND",,,42.2100,-122.63,42,13,,N,122,38,,W,,17,NOV,1974,2000,Female,NULLIPAROUS,Juv,"G. WESTFALL, GW-74-05",N,SKIN AND SKULL,,N,9.45,13.29,3.36,2.30,1.97,32.44,2.21,6.30,380.00,195.00,40.00,32.00,174.80
FW02904,RODENTIA,MURIDAE,NEOTOMA,Fuscipes,U.S.A.,OREGON,BENTON CO,"1 MI. S, 1 MI. W PHILOMATH",,,44.5300,-123.34,44,32,,N,123,22,,W,,10,OCT,1974,230,Male,TESTIS 6.5 X 5.5 MM,Ad,"E. RUSSELL, ER-74-3",N,SKIN AND SKULL,,N,9.80,12.96,3.17,2.51,2.06,32.50,2.15,6.11,420.00,214.00,43.00,28.00,224.00
FW03018,RODENTIA,MURIDAE,NEOTOMA,Fuscipes,U.S.A.,OREGON,BENTON CO,"5 MI. N, 5 MI. W CORVALLIS, BERRY CREEK EXP. STAT.",,,44.6300,-123.35,44,38,,N,123,21,,W,,18,OCT,1975,250,Male,TESTIS 7 X 3 MM,Ad,"D. GREER, DG-75-2",N,SKIN AND SKULL,,N,9.33,15.48,3.80,2.54,2.37,36.51,2.46,6.45,476.00,211.00,32.00,23.00,369.20
FW03041,RODENTIA,MURIDAE,NEOTOMA,Fuscipes,U.S.A.,OREGON,BENTON CO,"5 MI N, 5 MI W CORVALLIS, (BERRY CR EXPERIMENT STATION)",,,44.6300,-123.34,44,38,,N,123,20,,W,,21,NOV,1975,250,Female,NULLIPAROUS,Ad,"R. WOLDEIT, RLW-75-03",N,SKIN AND SKULL,,N,9.34,13.34,3.43,2.44,2.22,32.33,1.97,6.23,414.00,218.00,37.00,29.00,221.00
FW03077,RODENTIA,MURIDAE,NEOTOMA,Fuscipes,U.S.A.,OREGON,POLK CO,"4 MI. N, 2 MI. W DALLES, PIONEER LOOP RD.",,,44.9800,-123.34,44,59,,N,123,20,,W,,12,NOV,1975,750,Male,TESTIS 6.2 X 4.0 MM,Ad,"K. DZINBAL, KDZ 75-03",N,SKIN AND SKULL,,N,9.63,14.41,3.27,2.57,2.40,33.21,2.21,6.37,463.00,213.00,44.00,34.00,276.00
FW03238,RODENTIA,MURIDAE,NEOTOMA,Fuscipes,U.S.A.,OREGON,BENTON CO,"8 MI. N, 1 MI. E CORVALLIS, SOAP CREEK",,,44.6700,-123.25,44,40,,N,123,15,,W,,21,OCT,1976,250,Female,"PLACENTAL SCARS: 2L, 0R",Ad,"L. POOLE, LMP-76-3",N,SKIN AND SKULL,,N,9.31,13.71,3.46,2.46,2.06,32.79,2.23,6.24,434.00,220.00,41.00,30.00,247.60
FW03452,RODENTIA,MURIDAE,NEOTOMA,Fuscipes,U.S.A.,OREGON,BENTON CO,"1 MI. S, 1.5 MI. E HOSKINS, WHISPERING WINDS GIRL SCOUT",CAMP,,44.6500,-123.44,44,39,,N,123,26,,W,,28,NOV,1978,500,Female,NULLIPAROUS,Juv,"K. PENDERGRASS, KLP 78-5",N,SKIN AND SKULL,,N,9.55,12.38,3.27,2.36,1.97,31.36,2.15,6.09,390.00,194.00,42.00,33.00,138.60
FW03489,RODENTIA,MURIDAE,NEOTOMA,Fuscipes,U.S.A.,OREGON,BENTON CO,"2 MI. S, 3 MI. W GREENBERRY",,,44.4300,-123.23,44,26,,N,123,14,,W,,5,OCT,1976,500,Male,"TESTES: L 11 X 5 MM, R 12 X 6 MM",Ad,"T. DEMING, TD 76-2",N,SKIN AND SKULL,,N,9.61,14.67,3.88,2.81,2.11,36.16,2.36,6.91,,,40.00,32.00,293.00
FW03503,RODENTIA,MURIDAE,NEOTOMA,Fuscipes,U.S.A.,OREGON,BENTON CO,5 MI. W WELLSDALE,,,44.7000,-123.28,44,42,,N,123,17,,W,,17,OCT,1976,600,Male,NULLIPAROUS,Juv,"C. MUNSON, CRM-20-76",N,SKIN AND SKULL,,N,9.29,12.73,3.28,2.25,2.00,32.06,2.13,5.84,391.00,185.00,39.00,31.00,214.60
FW04211,RODENTIA,MURIDAE,NEOTOMA,Fuscipes,U.S.A.,OREGON,BENTON CO,"8.5 MI. N, 2 MI. E CORVALLIS",,,44.6600,-123.21,44,40,,N,123,13,,W,,16,NOV,1979,500,Male,TESTIS 12 X 6 MM,Ad,"M. MAC DANOLD, M-3",N,SKIN AND SKULL,,N,9.79,14.45,4.01,2.55,2.15,33.91,2.37,6.78,414.00,171.00,43.00,32.00,158.70
FW04212,RODENTIA,MURIDAE,NEOTOMA,Fuscipes,U.S.A.,OREGON,BENTON CO,4 MI. N CORVALLIS ON HWY 99W,,,44.6100,-123.23,44,37,,N,123,14,,W,,9,NOV,1979,250,Female,NULLIPAROUS,Ad,"W. FLOERING, WJF-79-4",N,SKIN AND SKULL,,N,9.86,13.19,3.37,2.42,2.11,33.32,2.24,6.12,384.00,207.00,41.00,30.00,186.70
FW04213,RODENTIA,MURIDAE,NEOTOMA,Fuscipes,U.S.A.,OREGON,BENTON CO,"0.5 MI. N CORVALLIS, (TIMBERHILL)",,,44.5600,-123.26,44,34,,N,123,16,,W,,30,NOV,1979,237,Male,N,Juv,"J. HAGEDORN, JMH-79-3",N,SKIN AND SKULL,,N,9.76,12.18,3.62,2.44,2.18,31.03,2.15,6.46,,195.00,40.00,20.00,145.00
FW05101,RODENTIA,MURIDAE,NEOTOMA,Fuscipes,U.S.A.,OREGON,BENTON CO,8 MI. N CORVALLIS,,,44.6600,-123.25,44,40,,N,123,15,,W,,24,NOV,1980,237,Female,LACTATING,Ad,T. LUM,"K. JENSEN, KAJ 80-4",SKIN AND SKULL,,N,9.49,13.13,3.37,2.52,2.20,32.00,2.21,6.18,355.00,193.00,41.00,31.00,164.90
FW05408,RODENTIA,MURIDAE,NEOTOMA,Fuscipes,U.S.A.,OREGON,BENTON CO,"8 MI N,1 MI E CORVALLIS, RYALS AV, 1 MI E ADAIR VILLAGE",,,44.6900,-123.16,44,40,,N,123,10,,W,,1,DEC,1980,230,Female,NULLIPAROUS,Ad,"R.K. HARTLEY, RKH-80-2",N,SKIN AND SKULL,,N,9.44,12.50,3.54,2.44,1.99,32.72,1.96,6.37,400.00,201.00,41.00,31.00,185.40
FW05452,RODENTIA,MURIDAE,NEOTOMA,Fuscipes,U.S.A.,OREGON,BENTON CO,"7.5 MI. S, 3 MI. E CORVALLIS, SMITH LOOP",,,44.6600,-123.18,44,40,,N,123,11,,W,,8,DEC,1981,200,Female,NULLIPAROUS,Juv,"G. KILLINGER, GMK-81-4",N,SKIN AND SKULL,,N,9.54,13.30,3.42,2.52,2.01,33.30,2.35,6.40,344.00,190.00,45.00,31.00,231.30
FW05602,RODENTIA,MURIDAE,NEOTOMA,Fuscipes,U.S.A.,OREGON,BENTON CO,CORVALLIS,,"T11S, R5W, SEC. 23",44.3600,-123.26,44,34,,N,123,16,,W,,26,JAN,1949,,Male,N,,"C.E. SMITH, CES-4",N,SKIN AND SKULL,,N,8.73,13.29,3.16,2.35,1.93,32.89,2.11,5.90,381.00,200.00,40.00,,
FW05603,RODENTIA,MURIDAE,NEOTOMA,Fuscipes,U.S.A.,OREGON,BENTON CO,CORVALLIS,,,44.3600,-123.26,44,34,,N,123,16,,W,,14,JAN,1948,,Male,N,,"J.E. MYERS, JEM-1",N,SKIN AND SKULL,,N,9.96,14.03,3.53,2.45,2.34,33.54,2.33,6.29,439.00,197.00,39.00,,
FW05605,RODENTIA,MURIDAE,NEOTOMA,Fuscipes,U.S.A.,OREGON,BENTON CO,CORVALLIS,,,44.3600,-123.26,44,34,,N,123,16,,W,,14,JAN,1948,,Male,N,,"J.R. WOODWORTH, -",N,SKIN AND SKULL,,N,9.85,14.18,3.65,2.62,2.34,33.69,2.43,6.66,470.00,220.00,44.00,,
FW05606,RODENTIA,MURIDAE,NEOTOMA,Fuscipes,U.S.A.,OREGON,BENTON CO,"CORVALLIS, T12S, R5W, SEC. 28",,"T12S, R5W, SEC. 28",44.3600,-123.26,44,34,,N,123,16,,W,,,JAN,1949,,Female,N,,"R.L. RULIFSON, RLR-1",N,SKIN AND SKULL,,N,9.65,13.21,3.45,2.33,2.26,31.72,2.26,6.29,413.00,224.00,50.00,,
FW05607,RODENTIA,MURIDAE,NEOTOMA,Fuscipes,U.S.A.,OREGON,JOSEPHINE CO,OREGON CAVES NATIONAL MONUMENT,,,42.1000,-123.40,42,6,,N,123,24,,W,,5,AUG,1948,,Female,N,,"A.L. ROEST, ALR-12",N,SKIN AND SKULL,,N,9.06,10.70,2.93,2.27,1.42,,1.97,5.64,330.00,169.00,39.00,,
FW05608,RODENTIA,MURIDAE,NEOTOMA,Fuscipes,U.S.A.,OREGON,BENTON CO,"4 MI. NE CORVALLIS, T11S, R5W, SEC. 5",,"T11S, R5W, SEC. 5",42.1000,-123.40,44,38,,N,123,19,,W,,12,OCT,1952,,Male,N,,"D. SHUMWAY, DS-6",N,SKIN AND SKULL,,N,9.56,13.56,3.19,2.58,2.29,33.16,2.14,6.10,418.00,200.00,40.00,31.00,
FW05609,RODENTIA,MURIDAE,NEOTOMA,Fuscipes,U.S.A.,OREGON,BENTON CO,CORVALLIS,,,44.5600,-123.26,44,34,,N,123,16,,W,,16,JAN,1948,,Male,N,,"F. ELLERTSON, FE-2",N,SKIN AND SKULL,,N,9.75,13.21,3.24,2.34,2.17,32.22,2.30,6.36,410.00,205.00,43.00,,
FW05610,RODENTIA,MURIDAE,NEOTOMA,Fuscipes,U.S.A.,OREGON,BENTON CO,CORVALLIS,,,44.5600,-123.26,44,34,,N,123,16,,W,,10,JAN,1948,,Male,N,,"R.M. YANCEY, RMY-1-48",N,SKIN AND SKULL,,N,9.61,14.92,3.85,2.49,2.31,35.35,2.48,6.69,425.00,190.00,33.00,,
FW05611,RODENTIA,MURIDAE,NEOTOMA,Fuscipes,U.S.A.,OREGON,LINN CO,5.5 MI. W ALBANY,,,44.5700,-123.16,44,34,,N,123,10,,W,,19,APR,1940,,Male,N,,"C.L. NUNENCAMP, CLN-4-40",N,SKIN AND SKULL,,N,9.16,16.11,3.33,2.52,2.28,36.24,2.62,6.36,414.00,223.00,40.00,,
FW05612,RODENTIA,MURIDAE,NEOTOMA,Fuscipes,U.S.A.,OREGON,BENTON CO,CORVALLIS,,,44.5600,-123.26,44,34,,N,123,16,,W,,,FEB,1949,,Female,N,,"R. SCOTT, RS-8-49",N,SKIN AND SKULL,,N,9.31,12.31,3.24,2.36,2.04,30.48,2.22,6.31,357.00,190.00,39.00,,
FW05613,RODENTIA,MURIDAE,NEOTOMA,Fuscipes,U.S.A.,OREGON,BENTON CO,MONROE,,,44.3200,-123.30,44,19,,N,123,18,,W,,26,JAN,1950,,Male,N,,"M.L. MONTGOMERY, MLM-4-50",N,SKIN AND SKULL,,N,9.71,14.48,3.59,2.39,2.28,34.95,2.28,6.44,433.00,215.00,39.00,,
FW05614,RODENTIA,MURIDAE,NEOTOMA,Fuscipes,U.S.A.,OREGON,BENTON CO,5 MI. N CORVALLIS,,,44.6300,-123.26,44,38,,N,123,16,,W,,30,JAN,1949,,Female,N,,"R.M. YANCEY, RMY-26",N,SKULL ONLY,,N,9.81,13.47,3.62,2.84,2.21,33.04,2.22,6.56,395.00,210.00,43.00,,
FW06532,RODENTIA,MURIDAE,NEOTOMA,Fuscipes,U.S.A.,OREGON,BENTON CO,"1 MI. N CORVALLIS, T11S, R5W, SEC. 15",,,44.6100,-123.26,44,37,,N,123,16,,W,,4,APR,1951,,Male,N,,"K.M. WALKER, KMW-698",N,SKIN AND SKULL,,ALEX WALKER 845,9.68,14.21,3.48,2.22,2.15,33.43,2.23,6.38,447.00,225.00,43.00,,
FW06533,RODENTIA,MURIDAE,NEOTOMA,Fuscipes,U.S.A.,OREGON,MARION CO,"6 MI. S SALEM, SUNNYSIDE",,,44.8300,-123.03,44,50,,N,123,2,,W,,15,NOV,1938,,Male,N,,"C. A. HUBBARD, CAH",N,SKIN AND SKULL,,ALEX WALKER 846,9.59,13.65,3.64,,2.16,34.09,2.17,,435.00,215.00,43.00,,
FW07538,RODENTIA,MURIDAE,NEOTOMA,Fuscipes,U.S.A.,OREGON,BENTON,"1 MI. N, 1 MI. E CORVALLIS",,,43.5800,-123.24,44,34,48,N,123,14,24,W,SCRUB APPLE FENCE ROW,26,OCT,1983,250,Female,NULLIPAROUS,Ad,J. SPITZ,"J. SPITZ, JAS83-4",,,,9.82,12.90,3.54,2.52,2.05,32.31,2.17,6.51,396.00,190.00,41.00,31.00,177.80
FW08873,RODENTIA,MURIDAE,NEOTOMA,Fuscipes,U.S.A.,OREGON,BENTON,"2 MI. N, 1 MI. E ADAIR VILLAGE",,"T10S, R4W, NW1/4 SEC. 19",44.7118,-123.20,,0,0,,,,0,,,7,OCT,1989,,Male,TESTIS (9 X 5 MM),Juv,B.J. VERTS,"L.F. ALEXANDER, X-1889","SKIN, SKULL, AND SKELETON",,,9.03,11.79,3.85,2.05,2.02,31.63,2.14,6.14,387.00,206.00,42.00,30.00,150.20
FW08874,RODENTIA,MURIDAE,NEOTOMA,Fuscipes,U.S.A.,OREGON,BENTON,"1 MI. N, 1 MI. E ADAIR VILLAGE",,"T10S, R4W, SE1/4 SEC. 20",44.6927,-123.20,,0,0,,,,0,,,7,OCT,1989,,Female,NULLIPAROUS,Juv,B.J. VERTS,"L.F. ALEXANDER, X-1890","SKIN, SKULL, AND SKELETON",,,8.96,11.23,3.32,2.49,2.01,30.74,2.14,6.29,346.00,180.00,41.00,28.00,131.90
RCT 563,RODENTIA,MURIDAE,NEOTOMA,Fuscipes,U.S.A.,OREGON,LAKE CO,,,,43.2484,-121.02,,,,,,,,,,8,16,2023,,Female,,Ad,,,SKULL AND SKELETON,,,8.30,10.59,3.21,2.37,1.66,26.58,1.82,5.95,280.00,140.00,36.00,29.00,89.50
RCT 566,RODENTIA,MURIDAE,NEOTOMA,Fuscipes,U.S.A.,OREGON,LAKE CO,,,,43.2478,-121.02,,,,,,,,,,8,17,2023,,Female,,Ad,,,SKULL AND SKELETON,,,8.61,11.13,3.28,2.64,1.42,27.25,2.06,6.04,,125.00,35.00,30.00,105.00
RCT 723,RODENTIA,MURIDAE,NEOTOMA,Fuscipes,U.S.A.,OREGON,LAKE CO,,,,43.2469,-121.02,,,,,,,,,,6,30,2024,,Male,,Ad,,,SKULL AND SKELETON,,,9.63,14.52,3.81,2.36,2.05,35.28,2.38,6.76,420.00,204.00,40.00,33.00,325.00
RCT 725,RODENTIA,MURIDAE,NEOTOMA,Fuscipes,U.S.A.,OREGON,LAKE CO,,,,43.2469,-121.02,,,,,,,,,,7,1,2024,,Male,,Ad,,,SKULL AND SKELETON,,,8.81,12.02,3.16,2.44,1.91,29.72,1.90,5.85,375.00,172.00,41.00,32.00,175.00
FW00577,RODENTIA,MURIDAE,NEOTOMA,Lepida,U.S.A.,OREGON,MALHEUR CO,3 MI. S ROME,,,42.7800,-117.61,42,47,,N,117,37,,W,,22,APR,1970,,Female,N,Ad ,"B.J. VERTS, -",N,SKIN AND SKULL,,N,7.85,11.07,3.34,2.28,1.56,28.57,2.04,5.88,286.00,118.00,29.00,28.00,122.00
FW01631,RODENTIA,MURIDAE,NEOTOMA,Lepida,U.S.A.,OREGON,HARNEY CO,"16 MI. N, 3 MI. E FRENCHGLEN","(1.25 MI. N, 0.75 MI. W BUENA VISTA)",,43.0300,-118.85,43,2,,N,118,51,,W,,17,APR,1972,4500,Male,TESTIS 18 X 10MM,Ad,"B.J VERTS, 72-27",N,SKIN AND SKULL,,N,8.03,11.20,3.61,2.06,1.58,29.12,2.08,5.94,291.00,119.00,31.00,31.00,131.00
FW01632,RODENTIA,MURIDAE,NEOTOMA,Lepida,U.S.A.,OREGON,HARNEY CO,"16 MI. N, 3 MI. E FRENCHGLEN","(1.25 MI. N, 0.75 MI. W BUENA VISTA STATION)",,43.0300,-118.85,43,2,,N,118,51,,W,,17,APR,1972,4500,Female,NULLIPAROUS,Juv,"B.J. VERTS, 72-26",N,SKIN AND SKULL,,N,7.42,8.46,3.03,2.04,1.20,22.98,1.74,5.46,203.00,83.00,28.00,26.00,62.00
FW02136,RODENTIA,MURIDAE,NEOTOMA,Lepida,U.S.A.,OREGON,HARNEY CO,"4 MI. S, 12 MI. W RILEY",,,43.4900,-119.72,43,29,,N,119,43,,W,,6,OCT,1972,4500,Female,PLACENTAL SCARS 2R AND 4L,Ad,"R. GARNER, RCG-72-2",N,SKIN AND SKULL,,N,7.85,10.25,3.12,1.89,1.41,26.91,1.95,5.56,262.00,112.00,31.00,30.00,110.23
FW02163,RODENTIA,MURIDAE,NEOTOMA,Lepida,U.S.A.,OREGON,HARNEY CO,"2 MI. S, 11 MI. W RILEY",,,44.4000,121.41,43,31,,N,119,43,,W,,6,OCT,1972,5200,Male,TESTIS 6 X 8MM,Ad,"D.C. WOLVERTON, 72-2",N,SKIN AND SKULL,,N,7.67,11.55,3.35,2.04,1.69,28.93,1.96,5.70,281.00,118.00,32.00,32.00,
FW02957,RODENTIA,MURIDAE,NEOTOMA,Lepida,U.S.A.,OREGON,HARNEY CO,"31 MI. S, 7 MI. E BURNS, MALHEUR NWR",,,43.1800,-118.94,43,11,,N,118,56,,W,,3,OCT,1974,4200,Male,N,Ad,"G. FELDHAMER, 74-25",N,SKIN AND SKULL,,N,7.92,10.83,3.19,2.16,1.59,28.38,1.94,5.45,260.00,110.00,31.00,25.00,123.70
FW02958,RODENTIA,MURIDAE,NEOTOMA,Lepida,U.S.A.,OREGON,HARNEY CO,"31 MI. S, 7 MI. E BURNS, MALHEUR NWR",,,43.1800,-118.74,43,11,,N,118,56,,W,,30,SEP,1974,4200,Male,N,Ad,"G. FELDHAMER,74-29",N,SKIN AND SKULL,,N,8.03,10.16,3.22,1.74,1.42,25.79,1.95,5.60,255.00,110.00,30.00,25.00,106.09
FW03119,RODENTIA,MURIDAE,NEOTOMA,Lepida,U.S.A.,OREGON,HARNEY CO,13 MI. S FIELDS,,,42.0600,-118.66,42,4,,N,118,40,,W,,30,APR,1976,4500,Female,"PREGNANT: 3L, 1 RESORBING R",Ad,"B.J. VERTS, BJV-19-76",N,SKIN AND SKULL,,N,7.11,9.49,3.00,1.99,1.46,25.00,1.90,5.24,246.00,99.00,29.00,29.00,76.00
FW05618,RODENTIA,MURIDAE,NEOTOMA,Lepida,U.S.A.,OREGON,HARNEY CO,"STEENS MOUNTAIN, T31S, R32 1/2 E, SEC. 23",,"T31S, R32 1/2 E, SEC. 23",42.8600,118.78,42,52,,N,118,47,,W,,30,JUN,1953,,Female,4 LARGE EMBRYOS,,"C.G. AND P.A. HANSEN, CGH/PAH-165",N,SKIN AND CRANIUM ONLY,,N,7.99,10.89,3.44,2.08,1.64,28.39,1.98,5.65,283.00,125.00,28.00,29.00,
FW05621,RODENTIA,MURIDAE,NEOTOMA,Lepida,U.S.A.,OREGON,HARNEY CO,"STEENS MOUNTAIN, T30S, R31E, SEC. 14",,"T30S, R31E, SEC. 14",42.5800,-118.83,42,58,,N,118,50,,W,,15,JUN,1953,,Male,N,,"C.G. AND P.A. HANSEN, CGH/PAH-108",N,SKIN AND SKULL,,N,7.98,11.13,3.35,2.02,1.46,28.84,1.97,5.95,270.00,108.00,29.00,28.00,
FW05623,RODENTIA,MURIDAE,NEOTOMA,Lepida,U.S.A.,OREGON,HARNEY CO,"STEENS MOUNTAIN, T31S, R32 1/2 E, SEC. 23",,"T31S, R32 1/2 E, SEC. 23",42.8600,-118.98,42,52,,N,118,47,,W,,30,JUN,1953,,Male,N,,"C.G. AND P.A. HANSEN, CGH/PAH-167",N,SKIN AND SKULL,,N,7.11,8.45,3.02,1.71,1.07,22.70,1.78,5.32,200.00,86.00,26.00,26.00,
FW05625,RODENTIA,MURIDAE,NEOTOMA,Lepida,U.S.A.,OREGON,HARNEY CO,"STEENS MOUNTAIN, T30S, R31E, SEC. 14",,"T30S, R31E, SEC. 14",42.9600,-118.83,42,58,,N,118,50,,W,,15,JUN,1953,,Female,N,,"C.G. AND P.A. HANSEN, CGH/PAH-105",N,SKIN AND SKULL,,N,7.58,9.47,2.93,1.88,1.33,26.71,1.71,5.21,252.00,100.00,27.00,27.00,
FW05627,RODENTIA,MURIDAE,NEOTOMA,Lepida,U.S.A.,NEVADA,WASHOE CO,"0.25 MI W CRESSLER RANCH (IXL), SHELDON ANTELOPE REFUGE",,"T47N, R22E",41.8470,-119.61,0,0,,N,0,0,,W,,20,AUG,1952,5000,Male,N,,"B. McNAB, BKM-25",N,SKIN AND SKULL,,N,8.02,10.09,3.19,1.58,1.51,,2.03,5.22,272.00,110.00,32.00,26.00,
FW06863,RODENTIA,MURIDAE,NEOTOMA,Lepida,U.S.A.,OREGON,HARNEY CO,"6.75 MI. S, 12 MI. E FIELDS, TROUT CREEK",,"T39S, R36E, SEC. 25",42.1600,-118.43,42,10,,N,118,26,,W,,28,JUN,1982,,Male,TESTIS 5 X 3 MM,Juv,B.J. VERTS AND L.N.T. CARRAWAY,"B.J. VERTS, MM-21",SKIN AND SKULL,,N,8.06,9.96,3.14,1.70,1.35,26.95,1.85,5.59,263.00,112.00,31.00,32.00,93.10
FW06864,RODENTIA,MURIDAE,NEOTOMA,Lepida,U.S.A.,OREGON,HARNEY CO,"6.75 MI. S, 12 MI. E FIELDS, TROUT CREEK",,"T39S, R36E, SEC. 25",42.1600,-118.43,42,10,,N,118,26,,W,,28,JUN,1982,,Male,TESTIS 10 X 7 MM,Ad,B.J. VERTS AND L.N.T. CARRAWAY,"B.J. VERTS, MM-15",SKIN AND SKULL,,N,7.89,9.81,3.08,1.90,1.52,27.55,1.78,5.35,265.00,111.00,32.00,30.00,137.60
FW07440,RODENTIA,MURIDAE,NEOTOMA,Lepida,U.S.A.,OREGON,HARNEY CO,"18 MI. N, 1 MI. E FRENCHGLEN",,"T29S, R31E, SW 1/4 NW 1/4 SEC. 4",43.0800,-118.88,43,5,,N,118,53,,W,,15,JUN,1984,4200,Male,TESTIS 8 X 5 MM,Ad,B.J. VERTS AND L.N. CARRAWAY,"L.N. CARRAWAY, LTC-376",,,,8.28,9.67,3.23,1.64,1.55,25.80,1.94,5.56,270.00,116.00,29.00,29.00,92.90
RCT 595,RODENTIA,MURIDAE,NEOTOMA,Lepida,U.S.A.,OREGON,LAKE CO,,,,42.7622,-120.55,,,,,,,,,,8,18,2023,,Male,,Ad,,,SKULL AND SKELETON,,,8.60,11.08,3.39,2.28,2.00,27.79,2.11,6.07,264.00,110.00,21.00,30.00,145.00
RCT 609,RODENTIA,MURIDAE,NEOTOMA,Lepida,U.S.A.,OREGON,LAKE CO,,,,42.7625,-120.55,,,,,,,,,,6,25,2024,,Male,,Ad,,,SKULL AND SKELETON,,,8.19,10.07,3.11,1.92,1.73,27.27,1.94,5.53,265.00,110.00,30.00,27.00,120.00
RCT 624,RODENTIA,MURIDAE,NEOTOMA,Lepida,U.S.A.,OREGON,LAKE CO,,,,42.7625,-120.55,,,,,,,,,,6,25,2024,,Male,,Ad,,,SKULL AND SKELETON,,,8.68,9.89,3.15,2.26,1.84,27.41,1.91,5.66,261.00,99.00,31.00,30.00,137.00
RCT 632,RODENTIA,MURIDAE,NEOTOMA,Lepida,U.S.A.,OREGON,LAKE CO,,,,42.7623,-120.56,,,,,,,,,,6,25,2024,,Female,,Ad,,,SKULL AND SKELETON,,,7.89,10.49,3.10,2.05,1.48,27.63,1.95,5.55,252.00,106.00,29.00,29.00,110.00
RCT 683,RODENTIA,MURIDAE,NEOTOMA,Lepida,U.S.A.,OREGON,LAKE CO,,,,42.7622,-120.55,,,,,,,,,,6,27,2024,,Male,,Ad,,,SKULL AND SKELETON,,,8.02,9.64,2.96,1.85,1.63,26.08,1.76,5.22,241.00,109.00,30.00,30.00,104.00